product_id,price,category,status,amount,region,priority,user_id,old_name,base_price,order_date
P1001,11.12,Books,Pending,33.36,South,High,U98696,Rachel Johnson,11.12,2025-10-14
P1002,108.1,Electronics,Pending,216.2,North,Low,U95181,Rachel Lewis,108.1,2025-04-15
P1003,45.34,Toys,Pending,45.34,West,Medium,U38221,Kevin Johnson,45.34,2025-02-13
P1004,750.01,Electronics,Cancelled,2250.03,North,Low,U26361,Mike Johnson,750.01,2025-09-10
P1005,318.03,Sports,Pending,954.09,North,High,U47930,Charlie Taylor,318.03,2025-02-13
P1006,46.43,Groceries,Pending,139.29,East,Medium,U44993,Charlie King,46.43,2025-11-06
P1007,110.72,Toys,Refunded,221.44,West,Medium,U93886,Rachel Taylor,110.72,2025-11-11
P1008,386.47,Sports,Pending,386.47,North,Medium,U18675,Grace King,386.47,2025-12-11
P1009,134.53,Clothing,Refunded,538.12,South,Medium,U83579,Rachel Anderson,134.53,2025-12-19
P1010,2703.69,Furniture,Cancelled,10814.76,South,High,U21915,Bob Johnson,2703.69,2025-03-21
P1011,160.5,Clothing,Completed,642.0,West,Medium,U71348,Quinn Anderson,160.5,2025-09-28
P1012,1376.55,Electronics,Cancelled,1376.55,East,High,U30730,Oscar Smith,1376.55,2025-12-24
P1013,97.25,Groceries,Completed,194.5,East,Low,U36071,Eva Clark,97.25,2025-03-18
P1014,461.99,Sports,Cancelled,461.99,West,High,U57576,Julia Taylor,461.99,2025-01-08
P1015,142.31,Toys,Refunded,142.31,North,Low,U26828,Paula Young,142.31,2025-03-09
P1016,131.5,Toys,Pending,526.0,South,Low,U98039,Laura Walker,131.5,2025-09-15
P1017,533.42,Electronics,Cancelled,533.42,North,Low,U87128,Hannah Smith,533.42,2025-02-23
P1018,8.24,Books,Completed,8.24,East,High,U46500,Paula Taylor,8.24,2025-09-05
P1019,56.45,Books,Refunded,282.25,South,Medium,U34957,David Johnson,56.45,2025-11-14
P1020,43.51,Groceries,Completed,174.04,North,High,U54473,David Taylor,43.51,2025-04-07
P1021,70.05,Toys,Pending,280.2,East,Medium,U19880,Oscar Young,70.05,2025-02-02
P1022,59.96,Books,Completed,59.96,South,High,U73092,Grace Lewis,59.96,2025-01-06
P1023,106.25,Furniture,Cancelled,425.0,West,Medium,U82845,Paula Brown,106.25,2025-04-10
P1024,194.05,Clothing,Completed,970.25,East,High,U72493,Quinn Young,194.05,2025-03-02
P1025,16.62,Toys,Completed,33.24,North,Low,U62923,David King,16.62,2025-04-19
P1026,10.76,Toys,Refunded,10.76,East,Medium,U51180,Hannah Anderson,10.76,2025-07-05
P1027,40.5,Books,Cancelled,162.0,North,High,U83792,David Johnson,40.5,2025-09-07
P1028,43.45,Toys,Completed,130.35,South,Medium,U67433,Rachel Anderson,43.45,2025-10-26
P1029,34.09,Books,Cancelled,170.45,North,High,U24029,Rachel Brown,34.09,2025-05-10
P1030,35.54,Toys,Pending,106.62,East,Low,U16658,Charlie Lewis,35.54,2025-05-02
P1031,700.44,Electronics,Cancelled,1400.88,South,Low,U66057,Rachel Smith,700.44,2025-02-03
P1032,54.72,Books,Completed,273.6,East,Low,U66333,Eva Smith,54.72,2025-05-12
P1033,486.38,Sports,Cancelled,486.38,South,Low,U23473,Laura Young,486.38,2025-07-20
P1034,13.5,Books,Pending,27.0,South,Medium,,Kevin Lewis,13.5,2025-11-28
P1035,49.59,Books,Pending,148.77,North,Medium,U71694,Hannah Taylor,49.59,2025-08-12
P1036,82.41,Groceries,Pending,164.82,North,Low,U53025,Ivan Johnson,82.41,2025-05-12
P1037,33.02,Books,Cancelled,165.1,North,High,U44237,Frank King,33.02,2025-05-02
P1038,1213.31,Electronics,Cancelled,3639.93,West,Low,U25157,Mike King,1213.31,2025-04-09
P1039,1432.13,Electronics,Pending,1432.13,East,Medium,U97062,Kevin King,1432.13,2025-06-22
P1040,71.07,Sports,Cancelled,213.21,West,Medium,U48752,Rachel Brown,71.07,2025-04-14
P1041,56.72,Books,Cancelled,113.44,West,Low,U49829,Julia Taylor,56.72,2025-07-26
P1042,92.97,Toys,Refunded,278.91,West,Medium,U77000,Paula Brown,92.97,2025-11-03
P1043,52.51,Groceries,Cancelled,262.55,North,High,U39444,Grace Brown,52.51,2025-01-02
P1044,196.95,Clothing,Completed,984.75,West,Medium,U85454,Grace Lewis,196.95,2025-08-13
P1045,38.04,Clothing,Completed,38.04,West,High,U77889,Oscar Smith,38.04,2025-09-08
P1046,69.47,Sports,Refunded,138.94,East,Medium,U76162,Nina Young,69.47,2025-08-06
P1047,52.38,Books,Cancelled,209.52,South,Low,U78327,Paula Taylor,52.38,2025-05-15
P1048,1441.41,Electronics,Cancelled,2882.82,East,Medium,U20561,Eva Brown,1441.41,2025-04-13
P1049,13.4,Books,Completed,26.8,West,Medium,U71069,Nina Smith,13.4,2025-04-27
P1050,1229.48,Furniture,Completed,6147.4,West,Medium,,Laura Anderson,1229.48,2025-07-28
P1051,215.32,Sports,Pending,1076.6,West,High,U73654,Alice Lewis,215.32,2025-06-22
P1052,48.9,Books,Refunded,97.8,South,Low,U61645,Steve King,48.9,2025-11-01
P1053,1303.36,Electronics,Refunded,2606.72,South,High,U52906,Grace Walker,1303.36,2025-06-11
P1054,441.02,Sports,Refunded,1323.06,East,High,U80702,Bob Clark,441.02,2025-04-21
P1055,1573.4,Electronics,Completed,1573.4,South,High,U91439,Eva Taylor,1573.4,2025-03-16
P1056,11.29,Books,Refunded,22.58,East,Medium,U89593,David Brown,11.29,2025-05-04
P1057,8.72,Toys,Refunded,26.16,West,Low,U87607,Hannah Johnson,8.72,2025-12-25
P1058,85.33,Groceries,Completed,426.65,North,Medium,U96706,Laura Johnson,85.33,2025-09-21
P1059,3.24,Groceries,Refunded,12.96,North,Medium,U93307,Oscar Brown,3.24,2025-07-06
P1060,33.7,Books,Refunded,101.1,West,Medium,U87656,Ivan Clark,33.7,2025-04-27
P1061,593.91,Electronics,Pending,2375.64,West,Low,U59674,Kevin Smith,593.91,2025-08-28
P1062,19.82,Groceries,Cancelled,39.64,East,Medium,U88139,Ivan Young,19.82,2025-01-17
P1063,26.27,Clothing,Refunded,105.08,South,Low,U74332,Oscar Smith,26.27,2025-02-10
P1064,86.84,Clothing,Cancelled,173.68,East,Medium,U55056,Nina Young,86.84,2025-06-12
P1065,29.96,Books,Cancelled,89.88,South,High,U51359,David Young,29.96,2025-12-06
P1066,51.11,Clothing,Cancelled,204.44,East,High,U48829,Hannah Clark,51.11,2025-03-10
P1067,1430.64,Electronics,Cancelled,2861.28,North,High,U26551,Paula Johnson,1430.64,2025-01-19
P1068,48.0,Groceries,Cancelled,192.0,South,High,U72616,David Johnson,48.0,2025-07-16
P1069,1175.19,Electronics,Pending,1175.19,South,Low,U21164,Hannah Johnson,1175.19,2025-09-25
P1070,1858.32,Furniture,Pending,9291.6,West,Medium,U48974,Steve Lewis,1858.32,2025-05-19
P1071,13.73,Toys,Pending,13.73,South,Medium,U30585,Hannah Brown,13.73,2025-09-03
P1072,10.51,Clothing,Refunded,42.04,East,High,U47056,Oscar Johnson,10.51,2025-11-08
P1073,79.21,Groceries,Pending,396.05,West,High,U94886,Eva Anderson,79.21,2025-03-03
P1074,373.55,Electronics,Cancelled,1120.65,West,High,U49857,Mike Anderson,373.55,2025-09-18
P1075,1369.5,Furniture,Completed,6847.5,West,Low,U42816,Alice Johnson,1369.5,2025-04-22
P1076,431.65,Sports,Completed,2158.25,East,Low,,Frank Walker,431.65,2025-09-21
P1077,2756.61,Furniture,Refunded,5513.22,West,High,U63523,Kevin Clark,2756.61,2025-11-04
P1078,88.8,Sports,Refunded,355.2,East,Low,U82102,Bob Walker,88.8,2025-02-11
P1079,33.68,Groceries,Completed,134.72,West,Medium,U77952,Laura King,33.68,2025-08-21
P1080,2303.97,Furniture,Cancelled,4607.94,South,Medium,U73532,David Smith,2303.97,2025-11-20
P1081,127.26,Sports,Cancelled,254.52,North,Low,U39451,David Walker,127.26,2025-02-21
P1082,85.45,Sports,Cancelled,256.35,West,Medium,U41946,Oscar Young,85.45,2025-03-13
P1083,185.15,Clothing,Pending,925.75,North,Medium,U64387,Kevin Young,185.15,2025-05-27
P1084,601.54,Electronics,Refunded,1804.62,South,Medium,U55236,Kevin Young,601.54,2025-09-13
P1085,2805.27,Furniture,Pending,5610.54,West,High,U63841,Bob Clark,2805.27,2025-12-16
P1086,55.24,Books,Refunded,220.96,South,Medium,U26547,Quinn King,55.24,2025-06-28
P1087,1754.67,Electronics,Completed,7018.68,West,High,U63736,Eva Johnson,1754.67,2025-08-26
P1088,35.18,Groceries,Completed,140.72,East,Low,U59808,Kevin Walker,35.18,2025-09-02
P1089,14.92,Toys,Pending,44.76,North,Medium,U93066,David Walker,14.92,2025-03-23
P1090,90.54,Groceries,Cancelled,90.54,North,Medium,U66450,Eva Taylor,90.54,2025-09-14
P1091,103.86,Toys,Pending,207.72,South,High,U60140,Tina Taylor,103.86,2025-08-19
P1092,54.12,Clothing,Refunded,162.36,East,Low,,Oscar Anderson,54.12,2025-11-18
P1093,24.03,Clothing,Cancelled,72.09,West,Low,U49599,Grace Lewis,24.03,2025-08-04
P1094,82.46,Clothing,Cancelled,247.38,East,High,U96275,Mike Anderson,82.46,2025-01-19
P1095,346.04,Sports,Refunded,346.04,East,High,U56179,Hannah Taylor,346.04,2025-10-09
P1096,46.56,Books,Completed,93.12,North,Medium,U14373,Steve Clark,46.56,2025-12-05
P1097,1823.77,Electronics,Refunded,5471.31,South,High,U80701,Laura Young,1823.77,2025-09-09
P1098,90.63,Sports,Cancelled,362.52,East,High,U19869,Eva Taylor,90.63,2025-11-24
P1099,58.9,Books,Cancelled,294.5,North,Medium,,Rachel Johnson,58.9,2025-08-12
P1100,46.2,Books,Refunded,138.6,East,High,U71797,Alice King,46.2,2025-09-11
P1101,37.1,Toys,Refunded,37.1,East,Low,U28320,Bob Smith,37.1,2025-05-16
P1102,239.52,Electronics,Pending,1197.6,West,Medium,U80804,Nina King,239.52,2025-12-24
P1103,178.23,Clothing,Refunded,178.23,West,Medium,,Laura Taylor,178.23,2025-08-15
P1104,172.54,Clothing,Cancelled,172.54,East,High,U34878,David Walker,172.54,2025-02-22
P1105,131.92,Clothing,Completed,659.6,North,Medium,U26505,Steve Taylor,131.92,2025-02-27
P1106,281.56,Sports,Pending,1407.8,South,Medium,U88116,Alice Anderson,281.56,2025-03-05
P1107,41.34,Toys,Completed,82.68,North,High,,Hannah King,41.34,2025-06-01
P1108,60.42,Clothing,Refunded,120.84,North,Low,U68756,Laura Young,60.42,2025-10-04
P1109,1561.13,Furniture,Completed,7805.65,East,Medium,U14082,Bob Walker,1561.13,2025-07-14
P1110,10.94,Books,Completed,43.76,North,Medium,U18609,Eva Anderson,10.94,2025-10-21
P1111,84.51,Toys,Refunded,253.53,East,Medium,U66387,David Johnson,84.51,2025-11-21
P1112,280.15,Sports,Refunded,560.3,West,High,U69441,Mike Lewis,280.15,2025-12-04
P1113,43.82,Groceries,Cancelled,131.46,South,Low,U18799,Charlie Johnson,43.82,2025-02-14
P1114,1501.95,Electronics,Pending,4505.85,North,Low,U83620,Kevin Johnson,1501.95,2025-07-12
P1115,336.02,Sports,Completed,1344.08,East,Low,U23579,Steve Young,336.02,2025-04-05
P1116,31.52,Books,Cancelled,31.52,East,High,U85248,Hannah Lewis,31.52,2025-09-25
P1117,314.64,Sports,Completed,1573.2,East,High,U50499,Kevin Clark,314.64,2025-01-06
P1118,80.19,Sports,Completed,320.76,South,Low,U14018,Charlie Young,80.19,2025-04-13
P1119,1415.57,Furniture,Cancelled,2831.14,East,Low,U84395,Tina Johnson,1415.57,2025-01-05
P1120,153.34,Clothing,Completed,153.34,East,Medium,U73656,Tina Walker,153.34,2025-07-09
P1121,153.44,Clothing,Cancelled,153.44,West,High,U98930,Steve Walker,153.44,2025-09-22
P1122,6.45,Groceries,Completed,25.8,North,High,U37686,Eva Anderson,6.45,2025-05-11
P1123,65.07,Electronics,Pending,260.28,South,Medium,U40161,Quinn Young,65.07,2025-11-26
P1124,9.06,Groceries,Refunded,9.06,North,Medium,U51033,Steve Lewis,9.06,2025-10-13
P1125,40.21,Books,Completed,120.63,West,High,U32527,Tina Walker,40.21,2025-12-12
P1126,901.59,Electronics,Pending,901.59,West,Low,U20308,Mike Anderson,901.59,2025-12-11
P1127,73.28,Clothing,Completed,146.56,North,Low,U55793,Laura Brown,73.28,2025-04-04
P1128,58.63,Clothing,Pending,117.26,North,High,U92306,Paula Walker,58.63,2025-10-25
P1129,70.09,Toys,Cancelled,350.45,East,High,U71462,Oscar Anderson,70.09,2025-05-19
P1130,736.29,Electronics,Cancelled,736.29,West,Medium,,Laura Anderson,736.29,2025-02-21
P1131,488.91,Sports,Refunded,488.91,West,Low,U15376,Oscar King,488.91,2025-11-07
P1132,61.29,Groceries,Pending,306.45,North,Medium,U55015,Charlie Young,61.29,2025-11-06
P1133,533.1,Electronics,Refunded,2132.4,South,Medium,U47079,Mike Lewis,533.1,2025-06-22
P1134,12.59,Toys,Completed,37.77,East,High,U60667,Julia Anderson,12.59,2025-12-28
P1135,58.04,Books,Pending,290.2,East,High,U28537,Laura Anderson,58.04,2025-11-23
P1136,26.56,Books,Completed,132.8,East,Low,U53054,Eva Young,26.56,2025-02-21
P1137,28.29,Books,Completed,84.87,East,Medium,U38074,Kevin Walker,28.29,2025-04-08
P1138,39.44,Clothing,Completed,118.32,North,Low,U91006,Eva King,39.44,2025-07-05
P1139,44.36,Clothing,Pending,221.8,West,High,U98652,Hannah Walker,44.36,2025-10-10
P1140,376.78,Sports,Pending,1507.12,South,Medium,U71474,Grace Clark,376.78,2025-11-19
P1141,1438.87,Furniture,Refunded,4316.61,West,High,U89254,Eva Anderson,1438.87,2025-01-21
P1142,2634.94,Furniture,Completed,13174.7,North,Medium,U31012,Ivan Walker,2634.94,2025-09-05
P1143,224.36,Sports,Refunded,448.72,East,High,U61964,Quinn Clark,224.36,2025-04-13
P1144,781.08,Electronics,Cancelled,781.08,North,Low,U29142,Eva Smith,781.08,2025-05-27
P1145,2118.61,Furniture,Refunded,4237.22,West,Low,,Charlie Smith,2118.61,2025-05-07
P1146,83.26,Sports,Refunded,416.3,North,Medium,U25970,Bob Taylor,83.26,2025-07-21
P1147,315.18,Sports,Completed,315.18,West,Low,U92831,Quinn King,315.18,2025-04-23
P1148,65.34,Clothing,Cancelled,65.34,South,Low,U97080,Charlie Young,65.34,2025-06-03
P1149,83.89,Toys,Completed,419.45,West,Medium,,Mike Clark,83.89,2025-05-24
P1150,746.33,Electronics,Cancelled,746.33,South,Low,U23587,Steve Clark,746.33,2025-03-02
P1151,55.51,Groceries,Refunded,111.02,West,Low,U27675,Charlie Walker,55.51,2025-01-10
P1152,18.32,Clothing,Completed,36.64,East,Medium,U81176,Paula Anderson,18.32,2025-01-25
P1153,15.51,Books,Completed,46.53,East,Medium,U58237,Nina Lewis,15.51,2025-12-15
P1154,1083.21,Furniture,Refunded,2166.42,West,Medium,U78062,Ivan Johnson,1083.21,2025-12-14
P1155,889.68,Electronics,Cancelled,1779.36,East,High,U96628,Julia Anderson,889.68,2025-08-20
P1156,28.44,Books,Cancelled,113.76,West,High,U56210,Tina Lewis,28.44,2025-05-21
P1157,474.47,Sports,Refunded,474.47,East,Low,U99051,Frank Smith,474.47,2025-03-28
P1158,103.32,Toys,Completed,413.28,South,High,U94562,Laura Clark,103.32,2025-07-19
P1159,1229.93,Electronics,Cancelled,4919.72,East,Medium,U85225,Eva Young,1229.93,2025-06-13
P1160,65.66,Groceries,Completed,131.32,North,Low,U77861,Mike Young,65.66,2025-02-09
P1161,137.54,Sports,Pending,550.16,East,Low,U74382,Grace Johnson,137.54,2025-03-28
P1162,931.48,Electronics,Completed,3725.92,East,Low,U18511,Rachel Young,931.48,2025-05-10
P1163,87.18,Sports,Cancelled,174.36,South,High,U28202,Hannah Walker,87.18,2025-01-12
P1164,87.98,Toys,Pending,351.92,North,High,U72739,Quinn Lewis,87.98,2025-07-27
P1165,15.69,Toys,Completed,47.07,West,Medium,U55156,Eva Young,15.69,2025-11-19
P1166,155.88,Clothing,Refunded,311.76,North,High,U49862,Frank Brown,155.88,2025-06-23
P1167,75.74,Clothing,Cancelled,378.7,North,Medium,U82199,Ivan Brown,75.74,2025-11-10
P1168,82.35,Toys,Pending,411.75,South,High,U89316,Kevin King,82.35,2025-01-27
P1169,23.9,Sports,Cancelled,23.9,South,Low,U93753,Alice Walker,23.9,2025-11-18
P1170,64.91,Groceries,Refunded,194.73,South,Low,U69446,Charlie Smith,64.91,2025-03-15
P1171,1504.33,Furniture,Cancelled,3008.66,South,Medium,U51853,Laura Lewis,1504.33,2025-03-25
P1172,52.47,Groceries,Cancelled,52.47,South,Medium,U68929,Hannah Brown,52.47,2025-02-02
P1173,94.65,Groceries,Refunded,473.25,South,High,U85718,Kevin Taylor,94.65,2025-03-16
P1174,72.69,Toys,Refunded,218.07,North,High,U76249,Oscar Taylor,72.69,2025-04-19
P1175,6.77,Groceries,Refunded,20.31,West,Medium,U24089,Nina Brown,6.77,2025-05-24
P1176,76.86,Groceries,Completed,230.58,West,High,U35513,Laura Young,76.86,2025-05-03
P1177,1562.34,Furniture,Cancelled,7811.7,North,High,U61629,Laura Clark,1562.34,2025-09-12
P1178,80.69,Sports,Refunded,403.45,North,High,,Kevin Walker,80.69,2025-09-15
P1179,125.19,Clothing,Pending,625.95,East,Low,U61505,Tina Anderson,125.19,2025-10-11
P1180,125.1,Toys,Refunded,625.5,East,Medium,U58281,Kevin Johnson,125.1,2025-07-19
P1181,80.08,Groceries,Refunded,80.08,East,Low,U85821,Steve Taylor,80.08,2025-12-02
P1182,74.67,Toys,Refunded,373.35,South,Low,U85047,David Taylor,74.67,2025-01-15
P1183,43.04,Groceries,Pending,172.16,West,Low,U71814,Bob Brown,43.04,2025-09-07
P1184,52.13,Toys,Refunded,208.52,East,High,U79878,Kevin Young,52.13,2025-06-22
P1185,435.15,Sports,Refunded,1305.45,South,High,U49124,Hannah Anderson,435.15,2025-05-23
P1186,141.15,Clothing,Cancelled,564.6,West,Medium,U45842,Julia Johnson,141.15,2025-10-22
P1187,60.06,Toys,Cancelled,240.24,South,Medium,,Charlie Clark,60.06,2025-08-21
P1188,75.24,Groceries,Pending,150.48,East,Low,U27992,David King,75.24,2025-12-19
P1189,56.07,Clothing,Pending,280.35,South,High,U53292,Paula Johnson,56.07,2025-11-25
P1190,10.98,Clothing,Pending,54.9,West,Low,U72350,Paula Taylor,10.98,2025-05-11
P1191,65.3,Groceries,Pending,65.3,North,High,U33040,Bob Lewis,65.3,2025-08-06
P1192,57.92,Books,Completed,173.76,North,Medium,U24064,Kevin Anderson,57.92,2025-08-21
P1193,81.03,Toys,Refunded,162.06,East,High,U53343,Frank Walker,81.03,2025-11-09
P1194,15.24,Books,Cancelled,45.72,South,High,U93719,Mike Lewis,15.24,2025-09-11
P1195,831.62,Electronics,Pending,831.62,South,Medium,U42512,Alice Anderson,831.62,2025-07-08
P1196,2285.89,Furniture,Cancelled,6857.67,North,Medium,U40972,Bob Johnson,2285.89,2025-08-10
P1197,87.03,Clothing,Cancelled,435.15,North,Low,U48671,Laura King,87.03,2025-04-08
P1198,100.85,Clothing,Cancelled,403.4,West,Low,U71712,Rachel Taylor,100.85,2025-04-22
P1199,301.95,Sports,Refunded,301.95,East,High,U24707,Bob Young,301.95,2025-09-07
P1200,82.82,Toys,Cancelled,165.64,West,High,U86434,Paula Johnson,82.82,2025-09-15
P1201,37.26,Sports,Refunded,74.52,West,Low,U70604,Julia Smith,37.26,2025-07-09
P1202,11.48,Sports,Completed,22.96,North,Medium,U18357,Rachel Smith,11.48,2025-02-16
P1203,609.83,Electronics,Pending,1219.66,West,Medium,U60132,Oscar Lewis,609.83,2025-07-03
P1204,58.03,Books,Pending,290.15,East,High,U80419,Mike Young,58.03,2025-03-24
P1205,168.62,Clothing,Cancelled,168.62,West,Low,U65591,Rachel Lewis,168.62,2025-04-08
P1206,1103.86,Furniture,Pending,3311.58,North,High,U64950,Tina Smith,1103.86,2025-04-07
P1207,246.75,Electronics,Refunded,246.75,North,High,U62725,Oscar Taylor,246.75,2025-09-07
P1208,433.23,Sports,Pending,433.23,East,High,U85511,Kevin King,433.23,2025-10-25
P1209,50.01,Books,Cancelled,100.02,South,Low,U64206,Julia Anderson,50.01,2025-01-18
P1210,132.56,Toys,Refunded,265.12,West,High,U94320,Mike Young,132.56,2025-06-23
P1211,1283.95,Furniture,Refunded,3851.85,South,Low,U39536,Julia Brown,1283.95,2025-08-02
P1212,64.84,Toys,Pending,259.36,West,High,U53288,Charlie Walker,64.84,2025-06-03
P1213,110.06,Toys,Completed,220.12,East,Medium,U89026,Bob Johnson,110.06,2025-04-26
P1214,297.92,Sports,Pending,1489.6,West,High,U53642,Julia Smith,297.92,2025-04-07
P1215,11.45,Books,Pending,45.8,South,Medium,U82362,Kevin Anderson,11.45,2025-07-15
P1216,99.06,Toys,Cancelled,297.18,East,Low,U71080,David Walker,99.06,2025-06-07
P1217,32.67,Groceries,Pending,32.67,South,High,U86550,Steve Lewis,32.67,2025-05-05
P1218,72.67,Clothing,Pending,290.68,West,Low,U99764,Kevin Anderson,72.67,2025-08-24
P1219,45.68,Books,Pending,182.72,East,High,U81636,Paula Brown,45.68,2025-09-21
P1220,1071.69,Electronics,Completed,1071.69,North,Medium,U92667,Hannah Johnson,1071.69,2025-12-05
P1221,476.5,Electronics,Cancelled,1906.0,North,Low,U90808,Paula Walker,476.5,2025-01-01
P1222,84.99,Toys,Completed,84.99,East,Low,U12246,Quinn Lewis,84.99,2025-03-04
P1223,1072.55,Electronics,Pending,2145.1,East,Medium,U62022,Charlie Clark,1072.55,2025-07-15
P1224,40.27,Toys,Cancelled,80.54,North,Low,U95182,Bob Johnson,40.27,2025-07-13
P1225,1702.83,Furniture,Completed,1702.83,South,High,U66873,Kevin King,1702.83,2025-02-17
P1226,498.04,Electronics,Refunded,2490.2,East,High,U99709,Ivan Young,498.04,2025-10-22
P1227,399.74,Electronics,Completed,1199.22,South,Low,U62205,Charlie Anderson,399.74,2025-03-19
P1228,117.67,Clothing,Cancelled,470.68,West,Low,U20279,Quinn Clark,117.67,2025-01-04
P1229,773.22,Furniture,Cancelled,773.22,West,Medium,,Ivan Walker,773.22,2025-08-08
P1230,56.2,Groceries,Refunded,224.8,South,Low,U59816,Charlie King,56.2,2025-05-26
P1231,145.49,Clothing,Cancelled,145.49,South,Medium,U93086,Eva Lewis,145.49,2025-06-12
P1232,228.46,Electronics,Refunded,685.38,East,Medium,U21442,Frank Lewis,228.46,2025-08-18
P1233,79.3,Toys,Completed,79.3,North,Medium,U88240,Tina Clark,79.3,2025-07-01
P1234,42.55,Groceries,Pending,42.55,South,Low,U28198,Ivan Anderson,42.55,2025-05-16
P1235,22.02,Clothing,Cancelled,88.08,West,Medium,U20082,Laura Anderson,22.02,2025-04-24
P1236,32.27,Books,Pending,161.35,West,High,U10887,Mike Clark,32.27,2025-10-13
P1237,432.48,Sports,Cancelled,1729.92,West,Low,U27842,Julia Clark,432.48,2025-10-23
P1238,101.01,Clothing,Refunded,202.02,East,Medium,U92955,Paula King,101.01,2025-04-11
P1239,912.87,Furniture,Cancelled,3651.48,North,Low,U81516,Frank Young,912.87,2025-01-24
P1240,2834.63,Furniture,Refunded,5669.26,East,Low,U63627,Paula Brown,2834.63,2025-11-10
P1241,58.01,Clothing,Refunded,116.02,West,High,U88372,Paula King,58.01,2025-07-18
P1242,138.91,Toys,Completed,555.64,East,Low,U80373,Tina Johnson,138.91,2025-02-25
P1243,134.94,Clothing,Pending,404.82,North,Low,U98797,Mike Clark,134.94,2025-07-04
P1244,242.28,Electronics,Pending,484.56,West,Medium,U99070,Steve Young,242.28,2025-03-12
P1245,991.4,Electronics,Refunded,2974.2,North,High,U28569,Laura Anderson,991.4,2025-06-15
P1246,111.36,Sports,Cancelled,445.44,West,High,U69303,Kevin Johnson,111.36,2025-05-02
P1247,358.28,Sports,Cancelled,358.28,North,Low,U41970,Quinn Brown,358.28,2025-09-06
P1248,56.87,Groceries,Pending,227.48,West,Low,U93948,Nina Lewis,56.87,2025-01-24
P1249,133.05,Toys,Refunded,532.2,West,High,U36972,Ivan Johnson,133.05,2025-10-04
P1250,437.27,Sports,Cancelled,874.54,East,High,U44387,Paula Young,437.27,2025-11-11
P1251,61.35,Toys,Completed,245.4,East,Medium,U90918,Frank Anderson,61.35,2025-10-19
P1252,1360.61,Electronics,Completed,4081.83,South,Medium,U58929,Eva Young,1360.61,2025-07-14
P1253,24.99,Toys,Refunded,99.96,South,Medium,U94575,Frank Young,24.99,2025-03-16
P1254,15.75,Groceries,Refunded,47.25,North,Medium,U73518,Eva Taylor,15.75,2025-07-18
P1255,99.7,Toys,Refunded,398.8,West,Low,U74054,Frank Johnson,99.7,2025-10-01
P1256,382.92,Sports,Completed,1148.76,East,High,U32047,Oscar King,382.92,2025-12-25
P1257,252.7,Sports,Completed,1263.5,North,Medium,U58085,Rachel Smith,252.7,2025-12-15
P1258,36.69,Toys,Completed,146.76,South,Medium,U14224,Oscar Anderson,36.69,2025-06-28
P1259,52.62,Sports,Pending,52.62,South,Low,U55957,Tina Lewis,52.62,2025-03-20
P1260,159.12,Clothing,Completed,318.24,East,Low,U80617,Frank Clark,159.12,2025-12-10
P1261,58.13,Groceries,Completed,290.65,South,Medium,U46349,Eva Brown,58.13,2025-04-05
P1262,22.72,Books,Refunded,45.44,West,High,U45221,Nina Lewis,22.72,2025-08-03
P1263,48.7,Books,Refunded,48.7,East,Low,U58374,Oscar Walker,48.7,2025-06-19
P1264,1744.37,Electronics,Refunded,1744.37,East,High,U62129,Grace Lewis,1744.37,2025-04-16
P1265,33.64,Groceries,Cancelled,100.92,South,Low,U55054,Bob Smith,33.64,2025-02-21
P1266,419.98,Sports,Completed,419.98,South,Medium,U66072,Grace Brown,419.98,2025-11-10
P1267,176.14,Clothing,Completed,528.42,East,Medium,U97098,Frank Smith,176.14,2025-07-21
P1268,73.15,Groceries,Refunded,146.3,North,Low,U37973,Paula Johnson,73.15,2025-03-19
P1269,108.69,Clothing,Completed,434.76,North,Low,U25806,Nina Brown,108.69,2025-08-03
P1270,82.78,Clothing,Completed,82.78,East,Medium,U27973,Mike Brown,82.78,2025-11-22
P1271,23.0,Clothing,Completed,115.0,South,Medium,U37925,Eva Lewis,23.0,2025-10-22
P1272,2593.89,Furniture,Completed,2593.89,South,High,U60335,Laura Lewis,2593.89,2025-06-26
P1273,57.08,Clothing,Pending,57.08,East,Low,,Julia Taylor,57.08,2025-09-20
P1274,32.35,Toys,Cancelled,129.4,North,High,U24777,Hannah Walker,32.35,2025-11-20
P1275,1080.16,Electronics,Cancelled,1080.16,East,High,U84498,Nina Clark,1080.16,2025-09-22
P1276,154.92,Clothing,Completed,154.92,North,High,U15220,Bob Lewis,154.92,2025-09-10
P1277,44.19,Books,Refunded,176.76,West,High,U80471,Tina Brown,44.19,2025-05-03
P1278,9.74,Groceries,Pending,19.48,East,Medium,U95175,Charlie Anderson,9.74,2025-12-14
P1279,57.44,Books,Completed,114.88,South,High,U25202,Oscar King,57.44,2025-10-02
P1280,67.28,Groceries,Completed,134.56,North,Low,U11487,Frank Walker,67.28,2025-06-17
P1281,118.53,Toys,Pending,355.59,East,High,U45227,David Smith,118.53,2025-06-26
P1282,888.74,Furniture,Cancelled,888.74,North,Medium,U57202,Bob Walker,888.74,2025-10-06
P1283,17.42,Groceries,Completed,17.42,South,Low,U15772,Alice Taylor,17.42,2025-01-16
P1284,39.53,Groceries,Pending,79.06,North,Low,U95944,Nina Taylor,39.53,2025-06-08
P1285,2755.98,Furniture,Cancelled,8267.94,North,Low,U75803,Bob Brown,2755.98,2025-04-26
P1286,147.31,Toys,Completed,589.24,West,Medium,U50723,Kevin Johnson,147.31,2025-09-15
P1287,769.39,Electronics,Cancelled,2308.17,South,Medium,U74665,Grace Young,769.39,2025-04-05
P1288,1868.18,Electronics,Pending,1868.18,East,Low,U11257,Kevin Smith,1868.18,2025-11-13
P1289,371.66,Sports,Completed,1114.98,South,Low,U65026,Paula Smith,371.66,2025-03-23
P1290,11.12,Groceries,Refunded,22.24,East,Medium,U21128,Steve Johnson,11.12,2025-09-05
P1291,50.1,Books,Completed,50.1,West,Low,U41034,Julia Anderson,50.1,2025-06-26
P1292,2132.1,Furniture,Cancelled,6396.3,West,Medium,U36569,Eva King,2132.1,2025-02-05
P1293,370.53,Electronics,Cancelled,1482.12,West,High,U37215,Oscar Anderson,370.53,2025-08-09
P1294,68.76,Sports,Cancelled,137.52,North,High,U52964,Eva Johnson,68.76,2025-12-08
P1295,40.83,Groceries,Cancelled,40.83,East,High,,Mike Walker,40.83,2025-09-24
P1296,41.23,Toys,Completed,164.92,South,High,,Hannah Brown,41.23,2025-04-27
P1297,1179.5,Furniture,Cancelled,1179.5,North,High,U35919,Oscar Brown,1179.5,2025-02-28
P1298,406.35,Sports,Completed,406.35,West,High,U85220,Nina Lewis,406.35,2025-08-01
P1299,2081.32,Furniture,Cancelled,4162.64,South,High,U68459,Eva Smith,2081.32,2025-10-20
P1300,40.64,Toys,Refunded,121.92,West,Low,U21497,Ivan Lewis,40.64,2025-03-14
P1301,132.1,Clothing,Pending,660.5,North,Medium,U57069,Paula Young,132.1,2025-08-12
P1302,77.85,Toys,Cancelled,311.4,South,High,U38707,Alice Anderson,77.85,2025-01-26
P1303,1635.35,Furniture,Pending,8176.75,South,High,U41608,Ivan Young,1635.35,2025-12-02
P1304,498.23,Sports,Refunded,996.46,East,High,U87662,Kevin Clark,498.23,2025-10-01
P1305,43.53,Books,Pending,217.65,South,Medium,U33010,Paula Smith,43.53,2025-02-02
P1306,124.32,Clothing,Refunded,124.32,North,Medium,U36406,Eva Clark,124.32,2025-12-06
P1307,423.7,Sports,Completed,1271.1,North,High,U28566,David Young,423.7,2025-06-03
P1308,71.04,Groceries,Completed,284.16,East,Medium,U30644,Nina Walker,71.04,2025-11-11
P1309,144.36,Clothing,Cancelled,721.8,South,Low,U32983,Mike Anderson,144.36,2025-12-23
P1310,14.48,Groceries,Refunded,14.48,North,High,U90134,Hannah King,14.48,2025-02-16
P1311,72.92,Clothing,Pending,72.92,East,Medium,U21629,Kevin Walker,72.92,2025-01-09
P1312,57.41,Clothing,Cancelled,57.41,East,High,U16310,Mike Walker,57.41,2025-12-14
P1313,178.06,Clothing,Refunded,712.24,East,Low,U72847,Steve Taylor,178.06,2025-03-15
P1314,1608.43,Electronics,Cancelled,1608.43,North,Medium,U23726,Charlie Clark,1608.43,2025-03-13
P1315,149.08,Clothing,Completed,745.4,East,Low,U73273,Alice Lewis,149.08,2025-11-06
P1316,134.01,Toys,Completed,268.02,North,Medium,U34901,Nina Young,134.01,2025-12-24
P1317,43.46,Toys,Cancelled,130.38,South,High,,Steve Young,43.46,2025-08-05
P1318,753.62,Electronics,Completed,3014.48,East,Low,U72957,Grace Johnson,753.62,2025-01-07
P1319,131.26,Clothing,Refunded,131.26,North,Medium,U71727,Paula Anderson,131.26,2025-02-21
P1320,61.19,Toys,Refunded,183.57,East,High,U44510,Oscar Walker,61.19,2025-05-08
P1321,141.6,Sports,Pending,141.6,North,High,U80968,Nina King,141.6,2025-04-18
P1322,1689.55,Electronics,Refunded,8447.75,West,Low,U72424,Julia Johnson,1689.55,2025-07-28
P1323,6.91,Books,Pending,34.55,North,Medium,U31910,Grace Taylor,6.91,2025-03-02
P1324,327.27,Furniture,Pending,1309.08,South,Low,U18783,Charlie Lewis,327.27,2025-09-13
P1325,52.29,Toys,Refunded,156.87,North,Low,U78493,Nina Johnson,52.29,2025-07-05
P1326,117.65,Clothing,Completed,588.25,North,Low,U47498,Rachel Clark,117.65,2025-07-09
P1327,1998.88,Furniture,Refunded,9994.4,North,High,U28855,Tina King,1998.88,2025-11-23
P1328,212.47,Furniture,Pending,637.41,North,Low,U45203,Laura Smith,212.47,2025-06-27
P1329,158.5,Sports,Refunded,475.5,North,High,U68079,Kevin Anderson,158.5,2025-12-14
P1330,98.61,Toys,Refunded,197.22,South,Medium,U77698,Laura Smith,98.61,2025-09-26
P1331,22.47,Clothing,Refunded,112.35,South,Low,U13794,Frank Taylor,22.47,2025-04-27
P1332,536.51,Electronics,Completed,2146.04,East,Low,U58280,Oscar Young,536.51,2025-07-21
P1333,1378.29,Electronics,Cancelled,2756.58,West,Low,U72204,Steve Young,1378.29,2025-06-12
P1334,169.15,Clothing,Completed,507.45,East,High,U31352,Steve Taylor,169.15,2025-04-21
P1335,138.76,Clothing,Refunded,416.28,North,Low,,Eva Brown,138.76,2025-10-26
P1336,486.35,Electronics,Cancelled,2431.75,East,Medium,U55706,Oscar Anderson,486.35,2025-04-15
P1337,68.37,Groceries,Refunded,341.85,North,High,U96816,Laura Young,68.37,2025-11-20
P1338,45.99,Toys,Refunded,45.99,North,Medium,U93964,Kevin Anderson,45.99,2025-05-21
P1339,57.37,Books,Pending,172.11,South,Low,U17441,Tina Lewis,57.37,2025-11-11
P1340,12.7,Books,Refunded,12.7,East,Medium,U63031,Mike Smith,12.7,2025-10-23
P1341,123.32,Toys,Pending,369.96,West,Low,U49347,Frank Young,123.32,2025-03-10
P1342,968.02,Electronics,Pending,2904.06,East,Low,U56567,Hannah Anderson,968.02,2025-07-26
P1343,38.42,Groceries,Cancelled,192.1,West,High,U93151,Steve King,38.42,2025-10-03
P1344,2679.34,Furniture,Completed,13396.7,West,Low,U17086,Eva Brown,2679.34,2025-04-11
P1345,2962.86,Furniture,Pending,11851.44,East,Low,U20592,Paula Clark,2962.86,2025-11-06
P1346,64.18,Groceries,Refunded,64.18,East,High,U32099,Steve Brown,64.18,2025-08-26
P1347,392.08,Sports,Refunded,784.16,West,Medium,U72573,Mike Smith,392.08,2025-01-18
P1348,148.83,Clothing,Cancelled,148.83,South,High,U92141,Hannah Taylor,148.83,2025-12-12
P1349,14.64,Groceries,Cancelled,58.56,South,High,U49085,Julia Walker,14.64,2025-12-17
P1350,81.0,Toys,Pending,324.0,East,Medium,U34697,Frank Lewis,81.0,2025-01-08
P1351,148.16,Clothing,Pending,296.32,North,Low,U26143,Laura Smith,148.16,2025-07-21
P1352,77.58,Groceries,Completed,387.9,North,Low,U12587,Bob Johnson,77.58,2025-07-15
P1353,458.43,Furniture,Refunded,1375.29,South,High,U92616,Alice Anderson,458.43,2025-07-22
P1354,1341.84,Electronics,Pending,4025.52,West,High,U90962,David Anderson,1341.84,2025-02-26
P1355,1020.59,Electronics,Pending,5102.95,East,Low,U56913,Nina Anderson,1020.59,2025-03-02
P1356,76.97,Toys,Refunded,153.94,East,High,,Charlie Johnson,76.97,2025-10-22
P1357,532.52,Furniture,Completed,532.52,North,Medium,U69867,Julia Anderson,532.52,2025-08-02
P1358,1635.7,Electronics,Cancelled,1635.7,East,Low,U25191,David Smith,1635.7,2025-01-28
P1359,136.04,Clothing,Cancelled,272.08,East,Medium,U45167,Charlie Clark,136.04,2025-06-06
P1360,831.52,Electronics,Cancelled,3326.08,West,Low,U65278,Frank Johnson,831.52,2025-03-23
P1361,8.23,Books,Completed,16.46,West,Low,U84572,Oscar Brown,8.23,2025-10-13
P1362,185.71,Sports,Pending,185.71,West,Medium,U63907,Oscar Smith,185.71,2025-02-09
P1363,22.28,Books,Pending,111.4,East,Low,U91033,David Lewis,22.28,2025-11-24
P1364,101.57,Clothing,Pending,406.28,North,High,U30568,Quinn Walker,101.57,2025-08-28
P1365,24.22,Clothing,Cancelled,96.88,South,Medium,U16599,Quinn Taylor,24.22,2025-09-21
P1366,1269.5,Furniture,Completed,2539.0,West,Medium,U68733,Charlie Walker,1269.5,2025-08-11
P1367,1962.31,Electronics,Completed,1962.31,West,Medium,,Rachel Smith,1962.31,2025-02-26
P1368,144.66,Toys,Pending,433.98,West,Medium,U17113,Hannah Walker,144.66,2025-06-18
P1369,313.68,Sports,Cancelled,1254.72,West,High,U96364,Hannah Smith,313.68,2025-06-12
P1370,320.49,Sports,Cancelled,961.47,North,High,U74542,Eva Lewis,320.49,2025-02-09
P1371,33.41,Toys,Refunded,33.41,South,Medium,U34979,Kevin Johnson,33.41,2025-07-02
P1372,51.06,Books,Completed,255.3,West,Medium,U76086,Eva Walker,51.06,2025-01-17
P1373,7.67,Books,Refunded,30.68,South,Low,U26827,David Lewis,7.67,2025-11-20
P1374,132.99,Toys,Refunded,664.95,West,Low,U42537,Ivan Lewis,132.99,2025-06-10
P1375,2433.91,Furniture,Refunded,4867.82,East,Low,U51144,Rachel Taylor,2433.91,2025-04-07
P1376,108.59,Toys,Pending,325.77,South,Low,U93476,Kevin Johnson,108.59,2025-06-18
P1377,1790.14,Furniture,Cancelled,7160.56,West,High,U13312,Mike Brown,1790.14,2025-01-22
P1378,439.81,Electronics,Cancelled,879.62,East,High,U48684,Grace Young,439.81,2025-01-12
P1379,231.77,Sports,Pending,1158.85,West,High,U47701,Bob Lewis,231.77,2025-07-14
P1380,488.15,Sports,Completed,1464.45,North,Low,U91338,Oscar Taylor,488.15,2025-11-23
P1381,40.62,Books,Pending,203.1,South,Medium,U99477,Charlie Brown,40.62,2025-03-24
P1382,22.31,Toys,Refunded,22.31,East,Low,U31093,Steve Anderson,22.31,2025-01-11
P1383,2158.1,Furniture,Completed,4316.2,South,Medium,U91968,Tina Anderson,2158.1,2025-08-26
P1384,84.77,Toys,Cancelled,84.77,South,High,U76209,Frank Lewis,84.77,2025-09-18
P1385,366.64,Furniture,Pending,733.28,East,Medium,U38632,Tina Young,366.64,2025-08-18
P1386,378.55,Sports,Completed,378.55,East,Medium,U94182,Tina King,378.55,2025-04-02
P1387,53.71,Books,Completed,214.84,West,Medium,U47070,Alice Young,53.71,2025-06-17
P1388,259.28,Sports,Completed,1037.12,East,Low,U77357,Charlie Johnson,259.28,2025-03-25
P1389,82.31,Toys,Pending,82.31,South,Low,U23621,Grace Young,82.31,2025-12-24
P1390,223.27,Sports,Pending,223.27,North,Medium,U14965,Charlie Johnson,223.27,2025-01-06
P1391,133.43,Sports,Pending,133.43,East,Medium,U92603,Mike Lewis,133.43,2025-06-01
P1392,2052.57,Furniture,Completed,10262.85,North,Low,U19514,Laura Young,2052.57,2025-02-10
P1393,346.08,Sports,Completed,1730.4,East,Medium,U96602,Alice Walker,346.08,2025-03-18
P1394,35.91,Clothing,Cancelled,143.64,South,Medium,U94926,Laura Smith,35.91,2025-09-28
P1395,25.5,Toys,Completed,25.5,West,Low,U21157,Julia Taylor,25.5,2025-12-24
P1396,23.91,Books,Pending,95.64,South,High,U43127,Grace Johnson,23.91,2025-03-22
P1397,287.97,Sports,Refunded,287.97,North,Medium,U42858,David Taylor,287.97,2025-12-19
P1398,2859.47,Furniture,Pending,8578.41,South,High,U19149,Grace Clark,2859.47,2025-08-15
P1399,62.4,Groceries,Pending,187.2,East,Medium,U32103,Alice Clark,62.4,2025-04-26
P1400,145.32,Clothing,Cancelled,581.28,East,High,U53458,Paula Walker,145.32,2025-08-12
P1401,159.68,Sports,Completed,798.4,South,Low,U46780,Eva Young,159.68,2025-04-09
P1402,53.75,Books,Completed,53.75,North,Low,U86269,Steve Lewis,53.75,2025-10-07
P1403,1125.61,Electronics,Refunded,5628.05,South,Medium,U87280,Julia Brown,1125.61,2025-08-17
P1404,18.13,Toys,Completed,54.39,South,Low,U77388,Eva Walker,18.13,2025-03-06
P1405,142.56,Toys,Refunded,285.12,East,High,U73916,Hannah Johnson,142.56,2025-05-12
P1406,18.13,Clothing,Cancelled,36.26,West,Medium,U16086,Bob Clark,18.13,2025-02-23
P1407,96.87,Toys,Cancelled,290.61,South,Medium,U57880,Steve Johnson,96.87,2025-09-09
P1408,2920.75,Furniture,Refunded,5841.5,East,Medium,U73191,Tina Smith,2920.75,2025-09-05
P1409,580.26,Furniture,Cancelled,580.26,South,High,U57477,Tina Johnson,580.26,2025-11-08
P1410,2452.4,Furniture,Refunded,2452.4,West,Medium,U31134,Nina Smith,2452.4,2025-04-02
P1411,118.96,Clothing,Pending,237.92,North,Low,U31802,Ivan Brown,118.96,2025-09-13
P1412,145.54,Toys,Cancelled,145.54,North,High,U71789,Paula Brown,145.54,2025-04-27
P1413,1842.43,Furniture,Pending,9212.15,East,High,U54914,Oscar King,1842.43,2025-10-03
P1414,81.86,Clothing,Completed,163.72,North,High,U76107,Nina Brown,81.86,2025-10-04
P1415,100.42,Clothing,Completed,502.1,North,High,U27082,Tina Young,100.42,2025-01-25
P1416,40.71,Books,Refunded,203.55,East,High,U66224,Hannah Walker,40.71,2025-07-12
P1417,121.67,Toys,Completed,608.35,West,High,U40475,Charlie Anderson,121.67,2025-10-18
P1418,847.63,Furniture,Completed,847.63,North,Low,,Grace Clark,847.63,2025-07-12
P1419,351.82,Electronics,Cancelled,1759.1,East,Low,U57925,Tina Anderson,351.82,2025-11-13
P1420,109.81,Sports,Refunded,549.05,South,Medium,U73407,Ivan Anderson,109.81,2025-10-12
P1421,355.69,Sports,Completed,711.38,South,Medium,U31206,David Taylor,355.69,2025-09-13
P1422,175.83,Sports,Completed,879.15,South,Medium,U10693,Charlie Brown,175.83,2025-08-20
P1423,355.61,Furniture,Pending,1066.83,East,High,U60374,Mike King,355.61,2025-11-17
P1424,71.74,Groceries,Completed,358.7,South,Low,U11403,Grace Young,71.74,2025-05-07
P1425,1578.72,Electronics,Pending,7893.6,South,Low,,Hannah Smith,1578.72,2025-03-03
P1426,78.41,Groceries,Refunded,235.23,West,Low,U12014,Charlie Johnson,78.41,2025-09-10
P1427,50.64,Books,Cancelled,253.2,East,Medium,U35496,Oscar Lewis,50.64,2025-10-01
P1428,19.15,Groceries,Completed,95.75,North,Low,U25336,Quinn Anderson,19.15,2025-09-27
P1429,291.7,Sports,Refunded,1166.8,West,High,U70142,Oscar King,291.7,2025-01-16
P1430,552.75,Electronics,Pending,2211.0,South,Medium,U56281,Quinn Young,552.75,2025-01-23
P1431,139.04,Sports,Completed,417.12,West,Low,U54825,Charlie Young,139.04,2025-03-16
P1432,36.65,Groceries,Cancelled,183.25,South,Low,U34925,Paula Taylor,36.65,2025-04-24
P1433,175.82,Clothing,Pending,351.64,South,High,U56665,Eva Johnson,175.82,2025-02-03
P1434,57.57,Books,Completed,230.28,North,Medium,U51342,Paula King,57.57,2025-05-16
P1435,197.03,Clothing,Cancelled,985.15,West,High,U26809,Bob Young,197.03,2025-07-16
P1436,9.72,Toys,Refunded,29.16,South,Medium,U77922,Oscar Clark,9.72,2025-12-01
P1437,1364.5,Electronics,Completed,5458.0,East,Medium,U44039,Frank Young,1364.5,2025-05-08
P1438,48.19,Groceries,Cancelled,240.95,East,High,U37594,Nina Clark,48.19,2025-06-28
P1439,910.93,Furniture,Pending,1821.86,South,High,U40907,Rachel Lewis,910.93,2025-07-07
P1440,162.01,Clothing,Refunded,324.02,North,High,U27625,Quinn Young,162.01,2025-12-11
P1441,248.44,Sports,Completed,745.32,West,High,U17869,Grace Anderson,248.44,2025-08-27
P1442,10.3,Books,Cancelled,30.9,East,Medium,U43779,Laura Smith,10.3,2025-07-04
P1443,87.0,Groceries,Pending,435.0,South,Medium,U98236,Quinn Walker,87.0,2025-12-15
P1444,793.09,Electronics,Refunded,2379.27,South,High,U54222,Nina King,793.09,2025-10-13
P1445,454.47,Sports,Pending,454.47,East,High,U95591,Julia Anderson,454.47,2025-10-21
P1446,886.62,Furniture,Cancelled,3546.48,West,Medium,U13027,Eva Taylor,886.62,2025-11-09
P1447,43.54,Books,Pending,43.54,South,Medium,U18361,Paula Young,43.54,2025-01-01
P1448,204.54,Sports,Completed,204.54,East,Low,U95830,Mike Anderson,204.54,2025-04-08
P1449,20.63,Books,Pending,41.26,South,High,,Laura Clark,20.63,2025-08-15
P1450,274.89,Sports,Refunded,824.67,South,Low,U87441,Tina Walker,274.89,2025-11-24
P1451,53.25,Books,Cancelled,213.0,East,Medium,U21738,Oscar Anderson,53.25,2025-06-14
P1452,17.26,Groceries,Completed,17.26,South,Medium,U80136,Alice Walker,17.26,2025-08-10
P1453,1543.44,Electronics,Pending,4630.32,North,Low,U63967,Rachel Lewis,1543.44,2025-07-08
P1454,145.84,Clothing,Refunded,583.36,South,Medium,U91962,Hannah Young,145.84,2025-10-26
P1455,42.66,Books,Cancelled,127.98,West,High,U33908,Eva Anderson,42.66,2025-02-21
P1456,1891.42,Furniture,Refunded,5674.26,South,Medium,,Bob Young,1891.42,2025-01-06
P1457,600.12,Electronics,Refunded,1200.24,North,High,U11930,Paula Taylor,600.12,2025-06-14
P1458,79.0,Groceries,Cancelled,316.0,West,Low,U53286,Charlie Brown,79.0,2025-01-09
P1459,202.29,Sports,Refunded,1011.45,South,High,U42778,Mike Smith,202.29,2025-02-25
P1460,18.69,Books,Pending,74.76,North,High,U22315,Quinn Taylor,18.69,2025-08-13
P1461,57.87,Books,Pending,173.61,North,Low,U78278,David Anderson,57.87,2025-08-21
P1462,21.47,Groceries,Pending,21.47,North,High,U52534,Alice Brown,21.47,2025-05-19
P1463,821.83,Electronics,Completed,1643.66,North,Low,U72294,Tina Brown,821.83,2025-06-25
P1464,535.01,Electronics,Completed,2140.04,East,Low,U56598,Eva Young,535.01,2025-02-05
P1465,774.76,Furniture,Cancelled,3873.8,West,Low,U59514,Laura Brown,774.76,2025-05-02
P1466,2149.22,Furniture,Cancelled,10746.1,West,High,U81253,Laura Clark,2149.22,2025-12-15
P1467,87.03,Groceries,Pending,435.15,North,Low,U48754,Ivan Young,87.03,2025-06-15
P1468,1563.04,Electronics,Refunded,7815.2,South,High,U57720,Tina Taylor,1563.04,2025-06-24
P1469,1333.66,Electronics,Refunded,6668.3,South,Low,U82281,Eva King,1333.66,2025-05-11
P1470,1958.62,Furniture,Completed,1958.62,North,High,U27009,Frank Smith,1958.62,2025-04-04
P1471,655.69,Furniture,Refunded,655.69,West,Low,U87371,Ivan Smith,655.69,2025-06-08
P1472,109.09,Toys,Pending,109.09,West,High,U93744,Bob Clark,109.09,2025-09-24
P1473,2483.88,Furniture,Cancelled,2483.88,North,Low,U49833,Charlie Taylor,2483.88,2025-09-04
P1474,1464.09,Electronics,Refunded,7320.45,South,High,U42605,Steve Brown,1464.09,2025-09-24
P1475,65.2,Toys,Cancelled,65.2,West,Low,U23644,Frank Brown,65.2,2025-09-13
P1476,53.94,Toys,Refunded,107.88,East,Medium,U52553,Laura Lewis,53.94,2025-11-14
P1477,365.68,Sports,Pending,1828.4,South,Medium,U43303,Laura Walker,365.68,2025-08-13
P1478,1466.31,Electronics,Completed,4398.93,South,Medium,,Hannah Taylor,1466.31,2025-06-01
P1479,412.75,Sports,Pending,1238.25,North,High,U30461,Eva Anderson,412.75,2025-06-19
P1480,54.27,Clothing,Completed,162.81,West,Low,U20118,Kevin Walker,54.27,2025-03-16
P1481,450.52,Sports,Completed,2252.6,East,High,U85534,Mike Johnson,450.52,2025-01-25
P1482,36.1,Groceries,Refunded,144.4,North,High,U88944,Alice Lewis,36.1,2025-01-10
P1483,10.97,Toys,Pending,54.85,East,Low,U30079,Bob Lewis,10.97,2025-08-25
P1484,88.41,Toys,Pending,88.41,West,Medium,U29400,Eva Clark,88.41,2025-02-16
P1485,113.07,Toys,Refunded,565.35,East,High,U66949,Eva Brown,113.07,2025-08-18
P1486,102.69,Clothing,Pending,513.45,South,High,U66369,Kevin King,102.69,2025-02-04
P1487,27.75,Books,Cancelled,83.25,South,Medium,U95905,Alice Anderson,27.75,2025-03-12
P1488,124.13,Toys,Pending,496.52,West,High,U40603,Grace Clark,124.13,2025-03-25
P1489,51.9,Books,Completed,51.9,South,Low,U47707,Alice Clark,51.9,2025-12-26
P1490,644.98,Electronics,Completed,2579.92,East,High,U37770,Grace Young,644.98,2025-09-25
P1491,55.78,Groceries,Pending,278.9,North,Medium,U96969,Quinn Smith,55.78,2025-05-06
P1492,603.83,Electronics,Cancelled,3019.15,North,Medium,U11092,Charlie Lewis,603.83,2025-11-09
P1493,51.86,Books,Completed,155.58,North,Medium,U95119,Mike Taylor,51.86,2025-07-17
P1494,10.48,Books,Refunded,31.44,North,High,U70029,Rachel Smith,10.48,2025-01-08
P1495,49.21,Toys,Refunded,196.84,South,High,U56125,Laura Anderson,49.21,2025-04-17
P1496,81.57,Groceries,Refunded,244.71,North,Low,U39567,Eva Clark,81.57,2025-07-22
P1497,26.68,Clothing,Pending,106.72,West,High,U65897,Julia King,26.68,2025-06-15
P1498,24.11,Toys,Pending,48.22,South,Medium,U78656,Eva Lewis,24.11,2025-03-21
P1499,137.98,Toys,Completed,413.94,North,High,U29073,Alice Clark,137.98,2025-07-14
P1500,45.41,Groceries,Pending,136.23,South,High,U13433,Tina King,45.41,2025-05-20
P1501,93.79,Toys,Pending,468.95,South,Low,,Charlie Walker,93.79,2025-03-17
P1502,306.31,Sports,Pending,918.93,West,Medium,U31467,Grace Taylor,306.31,2025-01-14
P1503,484.72,Sports,Refunded,1454.16,South,Low,U36585,Grace Johnson,484.72,2025-03-15
P1504,312.36,Sports,Refunded,937.08,South,Medium,U15482,Tina Lewis,312.36,2025-12-11
P1505,1873.36,Furniture,Completed,9366.8,North,Medium,U15559,Hannah Young,1873.36,2025-09-13
P1506,7.16,Books,Completed,28.64,South,Medium,U49918,Julia Walker,7.16,2025-03-14
P1507,62.09,Groceries,Pending,62.09,West,Low,U75622,David Brown,62.09,2025-10-23
P1508,24.62,Toys,Cancelled,98.48,West,High,U87373,Grace Walker,24.62,2025-02-09
P1509,69.79,Groceries,Completed,139.58,North,High,U93109,Laura Johnson,69.79,2025-09-23
P1510,2207.93,Furniture,Pending,11039.65,West,Low,U32398,Kevin King,2207.93,2025-11-28
P1511,40.8,Clothing,Pending,81.6,North,Medium,U68491,Julia Brown,40.8,2025-02-05
P1512,10.67,Clothing,Completed,32.01,West,Medium,U81237,Alice King,10.67,2025-08-08
P1513,121.88,Clothing,Refunded,487.52,West,Medium,U88656,Alice Taylor,121.88,2025-09-09
P1514,96.15,Toys,Completed,192.3,South,High,U55746,Bob Brown,96.15,2025-01-22
P1515,126.51,Toys,Cancelled,379.53,North,High,U33363,Frank Anderson,126.51,2025-10-22
P1516,43.49,Books,Pending,217.45,West,Low,U14697,Charlie Anderson,43.49,2025-06-12
P1517,2478.77,Furniture,Completed,9915.08,East,Medium,U45968,Kevin Young,2478.77,2025-07-17
P1518,142.21,Clothing,Completed,711.05,North,Low,U92441,Quinn Johnson,142.21,2025-08-24
P1519,38.26,Books,Refunded,114.78,East,Medium,U91689,Laura Brown,38.26,2025-10-19
P1520,1607.15,Furniture,Refunded,6428.6,South,Low,U48074,Grace Smith,1607.15,2025-02-01
P1521,1913.84,Furniture,Pending,1913.84,West,Medium,,Laura Young,1913.84,2025-11-07
P1522,1299.21,Electronics,Cancelled,3897.63,North,Medium,U82088,Kevin Smith,1299.21,2025-02-22
P1523,35.45,Groceries,Completed,177.25,South,High,U54294,Paula Walker,35.45,2025-01-21
P1524,101.48,Clothing,Cancelled,405.92,West,Medium,U17342,Quinn Anderson,101.48,2025-10-24
P1525,22.35,Books,Completed,111.75,South,Low,U56346,Charlie Brown,22.35,2025-05-27
P1526,711.35,Electronics,Pending,2845.4,West,High,U50407,Kevin Smith,711.35,2025-05-14
P1527,1019.26,Electronics,Cancelled,2038.52,West,Medium,U49625,Frank Johnson,1019.26,2025-06-26
P1528,1566.69,Electronics,Refunded,1566.69,North,Medium,U30195,Grace Clark,1566.69,2025-08-24
P1529,266.58,Sports,Pending,799.74,North,Low,U27395,Grace Smith,266.58,2025-08-13
P1530,52.56,Books,Completed,52.56,East,High,U87894,Charlie Clark,52.56,2025-08-02
P1531,1065.13,Electronics,Completed,3195.39,East,Low,U52058,Grace Taylor,1065.13,2025-05-09
P1532,51.28,Toys,Completed,205.12,East,High,U25002,Alice King,51.28,2025-09-17
P1533,452.83,Electronics,Cancelled,1358.49,East,High,U47128,Steve Taylor,452.83,2025-03-03
P1534,62.1,Groceries,Refunded,186.3,North,High,,Bob Johnson,62.1,2025-07-02
P1535,881.61,Electronics,Refunded,1763.22,East,Medium,U35971,Rachel Johnson,881.61,2025-08-19
P1536,27.65,Clothing,Completed,110.6,West,Medium,U71000,Paula Taylor,27.65,2025-04-05
P1537,448.89,Sports,Cancelled,1346.67,West,High,U97186,Kevin Clark,448.89,2025-08-16
P1538,177.46,Electronics,Cancelled,177.46,West,Medium,U46996,Laura King,177.46,2025-10-05
P1539,19.93,Toys,Cancelled,19.93,North,Medium,U62535,Steve Lewis,19.93,2025-04-20
P1540,114.11,Clothing,Refunded,456.44,North,Medium,U87459,Nina Lewis,114.11,2025-10-26
P1541,55.36,Groceries,Pending,110.72,North,Low,U85260,Paula Johnson,55.36,2025-10-20
P1542,1043.6,Furniture,Refunded,1043.6,South,Medium,U19123,Tina Johnson,1043.6,2025-11-27
P1543,116.84,Toys,Cancelled,467.36,West,Low,U21866,Grace Brown,116.84,2025-10-25
P1544,49.54,Books,Pending,99.08,West,Low,U90684,Steve Walker,49.54,2025-04-07
P1545,53.26,Books,Cancelled,159.78,West,Low,U55123,Charlie King,53.26,2025-01-20
P1546,63.61,Toys,Cancelled,127.22,North,Medium,U16963,Alice Young,63.61,2025-06-04
P1547,148.28,Sports,Pending,148.28,West,Low,U91948,Kevin Lewis,148.28,2025-07-13
P1548,1680.84,Furniture,Refunded,3361.68,South,High,U57223,Nina Brown,1680.84,2025-05-28
P1549,11.91,Books,Completed,11.91,North,High,U73792,Nina Brown,11.91,2025-02-05
P1550,49.33,Books,Refunded,197.32,South,Medium,U82358,Oscar Lewis,49.33,2025-06-08
P1551,90.71,Clothing,Refunded,90.71,South,Low,U63849,Rachel King,90.71,2025-06-02
P1552,1157.89,Electronics,Completed,3473.67,West,Low,U78997,Ivan Walker,1157.89,2025-09-03
P1553,134.04,Toys,Pending,134.04,West,Low,U97650,Charlie Young,134.04,2025-10-10
P1554,12.65,Toys,Completed,37.95,West,Medium,U71503,Steve Clark,12.65,2025-07-12
P1555,154.36,Sports,Completed,308.72,East,Low,U44136,Bob Walker,154.36,2025-10-06
P1556,12.48,Toys,Completed,37.44,East,Medium,U76269,Charlie Anderson,12.48,2025-05-05
P1557,45.74,Toys,Completed,137.22,North,Low,U87564,Eva Walker,45.74,2025-06-26
P1558,59.64,Clothing,Refunded,119.28,South,Low,U54937,Charlie Brown,59.64,2025-10-27
P1559,169.15,Clothing,Refunded,676.6,South,Low,U93568,Frank Taylor,169.15,2025-10-24
P1560,179.09,Sports,Completed,537.27,North,High,U72420,Julia Walker,179.09,2025-12-25
P1561,38.88,Toys,Refunded,155.52,East,High,U66981,Alice Anderson,38.88,2025-08-13
P1562,22.36,Books,Completed,111.8,North,Low,U66595,Tina Anderson,22.36,2025-06-09
P1563,80.63,Groceries,Refunded,241.89,West,Low,U98065,Steve Taylor,80.63,2025-09-11
P1564,42.97,Books,Cancelled,85.94,North,Low,,Charlie Smith,42.97,2025-07-04
P1565,20.07,Toys,Cancelled,80.28,South,Low,U35307,Bob Smith,20.07,2025-10-03
P1566,1880.09,Electronics,Completed,3760.18,North,High,U27027,Mike King,1880.09,2025-03-04
P1567,15.13,Books,Refunded,45.39,North,Low,U46226,Nina Clark,15.13,2025-05-06
P1568,46.26,Sports,Refunded,46.26,West,Medium,U43847,Ivan Brown,46.26,2025-08-03
P1569,2940.32,Furniture,Refunded,5880.64,South,Low,U28857,Rachel Lewis,2940.32,2025-04-20
P1570,10.84,Books,Cancelled,43.36,North,High,U84887,Ivan Walker,10.84,2025-01-16
P1571,134.04,Clothing,Completed,134.04,West,Medium,U53231,Mike King,134.04,2025-01-17
P1572,56.7,Books,Refunded,226.8,West,Medium,U19188,Rachel Taylor,56.7,2025-01-13
P1573,49.99,Books,Completed,199.96,East,Medium,U62509,Bob Johnson,49.99,2025-06-18
P1574,480.85,Sports,Refunded,480.85,East,Low,U82676,Bob Lewis,480.85,2025-11-07
P1575,70.2,Groceries,Cancelled,70.2,West,High,U67407,Grace Brown,70.2,2025-01-07
P1576,1453.49,Electronics,Pending,7267.45,West,Medium,U80851,Julia Walker,1453.49,2025-09-27
P1577,230.16,Sports,Completed,230.16,East,High,U15611,Mike Johnson,230.16,2025-04-26
P1578,41.7,Books,Pending,166.8,South,High,,Eva Walker,41.7,2025-11-01
P1579,2730.82,Furniture,Completed,13654.1,South,Low,U11882,Frank Smith,2730.82,2025-05-27
P1580,57.67,Sports,Pending,288.35,North,High,U87984,Tina Taylor,57.67,2025-02-26
P1581,90.98,Clothing,Cancelled,363.92,North,Low,U28000,Kevin Taylor,90.98,2025-01-19
P1582,73.75,Clothing,Cancelled,73.75,South,Medium,U58487,Rachel Brown,73.75,2025-08-08
P1583,10.9,Toys,Refunded,10.9,South,High,U20580,Alice Smith,10.9,2025-03-03
P1584,40.85,Books,Refunded,122.55,West,Low,U28754,Ivan Young,40.85,2025-08-14
P1585,188.24,Clothing,Completed,941.2,South,Low,U21537,Julia Clark,188.24,2025-07-01
P1586,39.17,Toys,Completed,39.17,East,Low,U70845,Grace Anderson,39.17,2025-01-07
P1587,1603.4,Electronics,Refunded,6413.6,South,High,U15651,Bob Clark,1603.4,2025-05-07
P1588,829.01,Furniture,Refunded,4145.05,North,High,U80432,Frank Brown,829.01,2025-01-16
P1589,21.83,Toys,Refunded,43.66,East,Medium,U98716,Kevin Taylor,21.83,2025-02-11
P1590,28.63,Clothing,Pending,114.52,West,High,U86689,Paula Smith,28.63,2025-07-05
P1591,186.3,Clothing,Pending,745.2,West,Medium,U35448,Laura Anderson,186.3,2025-04-11
P1592,16.1,Clothing,Completed,80.5,East,High,U71018,Oscar Lewis,16.1,2025-03-25
P1593,23.55,Groceries,Pending,70.65,South,Low,U40107,Charlie Lewis,23.55,2025-09-16
P1594,497.88,Sports,Refunded,2489.4,West,Medium,,Nina Taylor,497.88,2025-04-11
P1595,1780.45,Furniture,Pending,8902.25,North,Medium,U15250,Paula Young,1780.45,2025-01-14
P1596,62.18,Toys,Refunded,62.18,West,High,U11628,Nina Taylor,62.18,2025-03-12
P1597,25.43,Groceries,Completed,25.43,West,Low,U70199,Steve King,25.43,2025-01-15
P1598,2338.32,Furniture,Pending,9353.28,East,Low,U93021,Alice Johnson,2338.32,2025-07-23
P1599,54.03,Groceries,Refunded,162.09,East,Low,U81098,Steve Taylor,54.03,2025-11-03
P1600,132.72,Toys,Cancelled,132.72,North,High,U70994,Tina Smith,132.72,2025-06-12
P1601,133.15,Clothing,Pending,133.15,South,Medium,U24884,Paula King,133.15,2025-12-07
P1602,375.06,Sports,Cancelled,750.12,East,Medium,U65434,Ivan Smith,375.06,2025-02-12
P1603,46.34,Groceries,Completed,231.7,West,Low,U79842,Julia Walker,46.34,2025-10-12
P1604,339.92,Sports,Pending,339.92,West,High,U33437,Julia Johnson,339.92,2025-02-06
P1605,12.98,Groceries,Refunded,25.96,South,High,U92218,Alice Anderson,12.98,2025-07-22
P1606,140.1,Toys,Cancelled,560.4,West,Medium,U12815,Julia Taylor,140.1,2025-02-01
P1607,402.97,Sports,Cancelled,2014.85,West,Low,U94679,Kevin Walker,402.97,2025-10-22
P1608,34.16,Books,Refunded,170.8,West,Medium,U50172,Frank Anderson,34.16,2025-04-16
P1609,97.13,Groceries,Pending,97.13,East,Medium,U31805,Tina Brown,97.13,2025-12-18
P1610,19.86,Groceries,Pending,39.72,South,High,U51500,Steve Brown,19.86,2025-08-09
P1611,20.08,Groceries,Completed,100.4,East,Medium,U68776,Rachel Brown,20.08,2025-09-10
P1612,1844.85,Electronics,Refunded,7379.4,South,Medium,U30454,Alice Young,1844.85,2025-09-11
P1613,43.8,Books,Cancelled,175.2,South,Low,U67947,Kevin Johnson,43.8,2025-12-16
P1614,321.88,Electronics,Completed,1609.4,East,High,U38883,Oscar Clark,321.88,2025-02-11
P1615,1235.89,Electronics,Pending,2471.78,East,High,,Rachel Walker,1235.89,2025-11-22
P1616,1952.89,Electronics,Pending,7811.56,West,Medium,U77050,Bob Clark,1952.89,2025-07-05
P1617,51.96,Books,Refunded,155.88,East,High,U56052,Julia Walker,51.96,2025-09-03
P1618,148.29,Clothing,Refunded,593.16,West,Medium,U65552,Nina Brown,148.29,2025-10-20
P1619,330.1,Electronics,Refunded,990.3,East,High,U87421,Mike Johnson,330.1,2025-01-14
P1620,55.29,Books,Pending,221.16,West,Low,U27947,Grace Brown,55.29,2025-07-10
P1621,76.13,Toys,Cancelled,228.39,West,Low,U39428,Alice Smith,76.13,2025-03-09
P1622,95.69,Groceries,Completed,382.76,East,Medium,U94513,Hannah Smith,95.69,2025-02-25
P1623,50.32,Groceries,Cancelled,50.32,West,Low,U43804,Paula Johnson,50.32,2025-06-17
P1624,36.64,Books,Pending,109.92,North,High,U27759,Laura Brown,36.64,2025-01-09
P1625,43.11,Groceries,Completed,129.33,East,Medium,U20069,Quinn Taylor,43.11,2025-11-06
P1626,56.31,Sports,Cancelled,112.62,East,Low,U45580,Laura Johnson,56.31,2025-09-19
P1627,82.68,Groceries,Pending,82.68,East,Medium,U64000,Kevin Brown,82.68,2025-02-07
P1628,105.64,Clothing,Completed,211.28,West,Medium,U25278,Eva Smith,105.64,2025-08-12
P1629,69.72,Groceries,Refunded,139.44,East,High,U13769,David Taylor,69.72,2025-03-28
P1630,12.83,Books,Cancelled,25.66,South,High,U20302,Nina Johnson,12.83,2025-02-01
P1631,247.28,Sports,Completed,989.12,South,High,,Quinn King,247.28,2025-01-16
P1632,1821.63,Electronics,Completed,1821.63,East,Low,,David Johnson,1821.63,2025-10-07
P1633,135.67,Toys,Cancelled,271.34,North,High,U46356,Steve Clark,135.67,2025-06-06
P1634,255.31,Sports,Pending,1276.55,North,High,U11832,Quinn Taylor,255.31,2025-12-07
P1635,18.83,Groceries,Completed,94.15,North,High,U72221,Laura King,18.83,2025-03-15
P1636,57.68,Books,Cancelled,115.36,West,Medium,U39825,Nina Johnson,57.68,2025-06-04
P1637,419.92,Furniture,Refunded,839.84,East,Low,U15322,Charlie Clark,419.92,2025-08-04
P1638,922.47,Furniture,Cancelled,4612.35,West,High,U48088,Nina Taylor,922.47,2025-02-27
P1639,243.08,Sports,Pending,729.24,North,Low,U23785,Mike Walker,243.08,2025-09-22
P1640,9.68,Books,Refunded,19.36,West,Low,U23332,Frank Johnson,9.68,2025-06-07
P1641,21.63,Groceries,Completed,86.52,South,Medium,U46505,Steve King,21.63,2025-05-25
P1642,402.48,Sports,Cancelled,1609.92,West,Low,U63011,Paula Young,402.48,2025-05-05
P1643,232.77,Sports,Cancelled,232.77,West,Medium,U27643,Alice Johnson,232.77,2025-12-02
P1644,43.43,Sports,Pending,43.43,West,Low,U30019,Julia King,43.43,2025-10-04
P1645,47.49,Sports,Refunded,237.45,West,High,U75260,Paula Young,47.49,2025-05-18
P1646,81.33,Groceries,Completed,406.65,North,Medium,U25615,Mike Walker,81.33,2025-06-28
P1647,1383.41,Furniture,Completed,1383.41,South,Low,U49720,Frank Walker,1383.41,2025-07-05
P1648,72.14,Groceries,Completed,288.56,West,Low,U80699,Steve Walker,72.14,2025-08-18
P1649,86.59,Sports,Refunded,86.59,East,Medium,U59518,Tina Clark,86.59,2025-05-11
P1650,104.89,Electronics,Pending,104.89,East,Medium,U86541,Alice Clark,104.89,2025-07-04
P1651,1100.91,Furniture,Refunded,3302.73,East,High,U42455,Hannah Anderson,1100.91,2025-10-03
P1652,8.6,Books,Completed,25.8,East,High,,Kevin Smith,8.6,2025-08-22
P1653,217.01,Sports,Refunded,1085.05,East,High,U87068,Alice Clark,217.01,2025-07-19
P1654,1035.02,Furniture,Refunded,1035.02,North,Low,U54035,Paula Young,1035.02,2025-11-11
P1655,126.82,Clothing,Refunded,380.46,South,Medium,U19872,Rachel Taylor,126.82,2025-05-09
P1656,629.77,Electronics,Refunded,3148.85,South,Low,U22053,Steve Johnson,629.77,2025-10-11
P1657,8.59,Groceries,Refunded,42.95,West,High,U20048,Julia Young,8.59,2025-05-14
P1658,34.7,Books,Refunded,69.4,West,Medium,U69405,Rachel Brown,34.7,2025-01-21
P1659,33.39,Books,Refunded,66.78,South,Low,U71249,Ivan Young,33.39,2025-10-28
P1660,454.35,Sports,Completed,2271.75,South,Medium,U41506,Eva Anderson,454.35,2025-07-14
P1661,86.3,Groceries,Pending,86.3,West,Medium,U94678,Frank Anderson,86.3,2025-11-20
P1662,87.11,Clothing,Pending,87.11,South,High,U50703,Oscar Walker,87.11,2025-09-14
P1663,1976.07,Furniture,Pending,1976.07,South,Medium,U43868,Ivan Young,1976.07,2025-03-21
P1664,30.69,Sports,Completed,122.76,North,High,U49056,Charlie Lewis,30.69,2025-06-22
P1665,53.71,Books,Pending,214.84,South,High,U75568,David Young,53.71,2025-11-27
P1666,142.7,Toys,Cancelled,713.5,West,High,U26027,Kevin Clark,142.7,2025-10-24
P1667,2436.94,Furniture,Refunded,4873.88,South,High,U38063,Ivan Walker,2436.94,2025-07-09
P1668,298.85,Sports,Cancelled,1195.4,North,Medium,U72240,Hannah Anderson,298.85,2025-03-12
P1669,2175.45,Furniture,Completed,6526.35,North,Low,U17166,Hannah Anderson,2175.45,2025-09-13
P1670,64.62,Groceries,Completed,193.86,South,Medium,U61508,Ivan Anderson,64.62,2025-02-27
P1671,125.38,Sports,Pending,250.76,West,Low,U94466,Nina Smith,125.38,2025-05-28
P1672,1655.24,Electronics,Refunded,6620.96,West,Medium,U23159,Frank Anderson,1655.24,2025-09-03
P1673,43.25,Groceries,Cancelled,216.25,West,Low,,Bob Brown,43.25,2025-11-15
P1674,324.14,Sports,Refunded,324.14,South,Low,U85472,Charlie Johnson,324.14,2025-03-08
P1675,108.47,Toys,Refunded,216.94,East,Medium,U27499,Ivan Brown,108.47,2025-11-19
P1676,170.51,Sports,Pending,511.53,North,Medium,U61576,Mike King,170.51,2025-04-01
P1677,1850.07,Electronics,Pending,9250.35,North,Medium,U32119,Bob Lewis,1850.07,2025-10-14
P1678,42.72,Toys,Cancelled,42.72,South,Low,U78922,Nina Walker,42.72,2025-11-16
P1679,487.74,Electronics,Pending,975.48,East,Medium,U60079,Eva Lewis,487.74,2025-04-20
P1680,199.09,Clothing,Pending,597.27,West,High,U29129,Alice Anderson,199.09,2025-05-08
P1681,70.39,Toys,Cancelled,140.78,West,High,,Eva Clark,70.39,2025-12-13
P1682,16.67,Books,Refunded,66.68,East,High,U17700,Bob Clark,16.67,2025-04-16
P1683,99.68,Groceries,Completed,498.4,North,Medium,U59930,Julia Lewis,99.68,2025-11-12
P1684,193.93,Clothing,Completed,969.65,South,Medium,U74597,Kevin Walker,193.93,2025-03-03
P1685,71.61,Groceries,Pending,286.44,East,High,U26760,Paula Anderson,71.61,2025-12-12
P1686,920.48,Furniture,Cancelled,2761.44,East,Medium,U51358,Paula Brown,920.48,2025-09-28
P1687,40.02,Books,Completed,160.08,South,High,U34004,Bob Walker,40.02,2025-05-06
P1688,30.69,Books,Refunded,30.69,North,Medium,U83512,Paula Walker,30.69,2025-08-04
P1689,362.68,Sports,Completed,725.36,East,High,U47239,Frank Brown,362.68,2025-12-17
P1690,143.67,Sports,Pending,718.35,North,Low,U33667,Nina Johnson,143.67,2025-04-25
P1691,2063.03,Furniture,Completed,6189.09,East,Low,U25989,Mike Clark,2063.03,2025-10-04
P1692,168.53,Sports,Completed,168.53,West,Low,U69513,Ivan King,168.53,2025-11-01
P1693,97.04,Groceries,Refunded,485.2,East,Low,U84600,Eva Taylor,97.04,2025-01-26
P1694,20.56,Books,Completed,20.56,West,High,U33332,Hannah Lewis,20.56,2025-02-01
P1695,112.03,Sports,Refunded,448.12,East,Low,U95729,Eva Johnson,112.03,2025-05-16
P1696,221.86,Sports,Pending,665.58,East,Low,U58163,Quinn Taylor,221.86,2025-08-15
P1697,1481.68,Furniture,Refunded,7408.4,North,Medium,U90460,Frank Lewis,1481.68,2025-11-14
P1698,128.85,Electronics,Refunded,386.55,South,Low,U30325,Paula Young,128.85,2025-11-21
P1699,17.18,Toys,Refunded,68.72,North,Medium,U26749,Julia Taylor,17.18,2025-09-14
P1700,57.72,Groceries,Completed,288.6,North,Low,U65694,Nina Johnson,57.72,2025-08-22
P1701,36.27,Books,Cancelled,108.81,East,Low,U75987,Alice Johnson,36.27,2025-12-22
P1702,620.7,Furniture,Refunded,1241.4,North,High,U49013,Kevin King,620.7,2025-12-15
P1703,338.43,Sports,Cancelled,1692.15,East,High,U20252,Tina Anderson,338.43,2025-11-04
P1704,1649.69,Furniture,Refunded,1649.69,North,High,U72537,Oscar Lewis,1649.69,2025-11-24
P1705,110.26,Toys,Cancelled,330.78,West,Medium,U27709,Alice Taylor,110.26,2025-02-27
P1706,1407.26,Electronics,Completed,2814.52,South,Medium,U95162,Hannah Lewis,1407.26,2025-11-28
P1707,273.91,Sports,Cancelled,273.91,West,High,U12859,David Brown,273.91,2025-03-24
P1708,29.49,Books,Refunded,117.96,North,Medium,U36389,Julia King,29.49,2025-07-02
P1709,2.77,Groceries,Refunded,11.08,West,Low,U82653,Julia Smith,2.77,2025-08-13
P1710,1588.73,Furniture,Refunded,7943.65,South,Low,U12492,Nina King,1588.73,2025-06-18
P1711,572.31,Electronics,Refunded,2289.24,North,Medium,U94696,Laura Walker,572.31,2025-12-14
P1712,364.6,Electronics,Refunded,729.2,East,Medium,U38796,Steve Clark,364.6,2025-10-28
P1713,360.45,Sports,Pending,1441.8,East,Low,U64638,Laura Walker,360.45,2025-03-20
P1714,63.67,Clothing,Refunded,63.67,South,High,U89396,Paula Johnson,63.67,2025-07-16
P1715,25.0,Groceries,Completed,125.0,North,Medium,U56798,Frank Brown,25.0,2025-09-02
P1716,41.2,Sports,Completed,164.8,South,High,U73748,Ivan Clark,41.2,2025-06-25
P1717,1551.69,Electronics,Cancelled,7758.45,South,Low,U89205,David Smith,1551.69,2025-08-26
P1718,2891.68,Furniture,Completed,2891.68,North,Low,,David Brown,2891.68,2025-11-04
P1719,110.64,Sports,Pending,331.92,East,Low,U76308,Paula Johnson,110.64,2025-03-21
P1720,34.79,Groceries,Completed,69.58,South,Medium,U10863,Hannah Walker,34.79,2025-06-10
P1721,29.83,Toys,Cancelled,89.49,West,Medium,U42171,Eva Young,29.83,2025-07-26
P1722,36.22,Clothing,Refunded,144.88,West,Medium,U77653,Laura Smith,36.22,2025-08-05
P1723,14.87,Sports,Completed,74.35,North,Medium,U31538,Nina Smith,14.87,2025-07-25
P1724,1337.34,Electronics,Completed,2674.68,East,Medium,U99243,Rachel Anderson,1337.34,2025-12-24
P1725,91.1,Groceries,Cancelled,91.1,South,Low,U94394,Grace Young,91.1,2025-10-26
P1726,99.55,Toys,Refunded,298.65,South,Medium,U80442,Kevin Lewis,99.55,2025-12-24
P1727,53.39,Books,Cancelled,266.95,South,High,U50927,Quinn Clark,53.39,2025-11-06
P1728,104.39,Electronics,Cancelled,521.95,South,Medium,U76227,David Smith,104.39,2025-06-09
P1729,32.91,Books,Completed,32.91,North,Medium,U10683,Oscar Clark,32.91,2025-04-26
P1730,59.4,Books,Pending,297.0,East,Medium,U85073,Eva Lewis,59.4,2025-09-24
P1731,29.99,Clothing,Pending,149.95,East,Medium,U65796,Nina Johnson,29.99,2025-02-02
P1732,2676.68,Furniture,Pending,10706.72,West,High,U78977,Mike King,2676.68,2025-09-17
P1733,203.44,Sports,Refunded,610.32,West,Medium,U74165,Nina Brown,203.44,2025-03-17
P1734,102.11,Clothing,Pending,408.44,North,Low,U72043,Bob Brown,102.11,2025-09-12
P1735,1223.12,Electronics,Completed,4892.48,North,Medium,U15279,Quinn Brown,1223.12,2025-02-12
P1736,99.12,Groceries,Cancelled,297.36,West,High,U28630,Steve Lewis,99.12,2025-01-10
P1737,23.13,Groceries,Completed,92.52,North,Low,U15856,Nina Walker,23.13,2025-10-10
P1738,70.59,Toys,Refunded,211.77,West,Low,U27407,Eva Young,70.59,2025-11-15
P1739,230.47,Sports,Pending,921.88,East,High,U97097,Tina Lewis,230.47,2025-07-08
P1740,1083.09,Furniture,Refunded,1083.09,East,Low,U31707,Alice King,1083.09,2025-11-26
P1741,356.63,Sports,Completed,1783.15,North,High,U81019,Steve Smith,356.63,2025-10-17
P1742,152.61,Clothing,Completed,763.05,North,Low,U33559,Alice Anderson,152.61,2025-04-08
P1743,355.75,Sports,Refunded,1778.75,North,Low,U62664,Steve Smith,355.75,2025-08-28
P1744,712.92,Electronics,Refunded,1425.84,North,Low,U43708,Charlie Johnson,712.92,2025-02-18
P1745,64.22,Clothing,Cancelled,128.44,North,High,U63382,Frank Smith,64.22,2025-10-11
P1746,15.16,Clothing,Cancelled,15.16,West,High,U64109,Kevin Anderson,15.16,2025-07-27
P1747,151.16,Electronics,Pending,302.32,West,Low,U60469,David Anderson,151.16,2025-01-11
P1748,1704.05,Furniture,Refunded,1704.05,North,Medium,U12440,Ivan Young,1704.05,2025-10-22
P1749,530.32,Electronics,Pending,2651.6,East,Low,U20998,Quinn Taylor,530.32,2025-03-12
P1750,147.87,Toys,Refunded,295.74,West,High,,Oscar King,147.87,2025-05-21
P1751,10.1,Clothing,Cancelled,40.4,East,Low,U56061,Grace King,10.1,2025-09-10
P1752,364.76,Electronics,Completed,1823.8,East,High,U26118,Eva Young,364.76,2025-05-14
P1753,125.98,Clothing,Cancelled,377.94,East,Low,U42234,Kevin Clark,125.98,2025-04-15
P1754,52.63,Toys,Completed,105.26,West,High,U98172,Frank Lewis,52.63,2025-09-23
P1755,31.89,Books,Completed,127.56,North,Low,,Oscar Johnson,31.89,2025-06-27
P1756,2499.65,Furniture,Refunded,7498.95,South,Low,U26353,Oscar Clark,2499.65,2025-04-15
P1757,481.97,Electronics,Cancelled,481.97,East,High,U90405,Julia Taylor,481.97,2025-04-16
P1758,5.61,Groceries,Pending,22.44,North,High,U93681,Mike Johnson,5.61,2025-05-19
P1759,76.63,Toys,Pending,383.15,South,High,U18526,Eva Anderson,76.63,2025-10-28
P1760,177.39,Clothing,Pending,532.17,North,Low,U90538,Ivan Young,177.39,2025-08-01
P1761,1958.8,Furniture,Cancelled,1958.8,West,Medium,U99151,Quinn Walker,1958.8,2025-08-12
P1762,115.06,Toys,Completed,230.12,East,Medium,U51450,Alice Lewis,115.06,2025-04-11
P1763,1766.19,Electronics,Pending,1766.19,West,High,U35805,Frank Clark,1766.19,2025-05-03
P1764,39.39,Books,Refunded,39.39,West,High,U92090,Kevin Anderson,39.39,2025-04-04
P1765,791.24,Furniture,Completed,2373.72,East,Low,U19556,Tina King,791.24,2025-08-25
P1766,1269.43,Electronics,Completed,6347.15,North,High,U59465,Kevin Johnson,1269.43,2025-03-02
P1767,226.54,Sports,Refunded,679.62,North,High,U83303,Bob Anderson,226.54,2025-07-13
P1768,1253.74,Electronics,Pending,5014.96,North,Medium,U66112,Tina King,1253.74,2025-02-11
P1769,56.57,Books,Refunded,56.57,East,Low,U23459,Alice King,56.57,2025-12-03
P1770,119.47,Toys,Pending,238.94,East,Medium,U91376,Oscar Brown,119.47,2025-04-05
P1771,31.59,Sports,Cancelled,63.18,West,Low,U56890,Julia King,31.59,2025-09-25
P1772,38.01,Clothing,Cancelled,114.03,East,Medium,U77853,Steve Brown,38.01,2025-01-08
P1773,123.78,Toys,Completed,618.9,West,Medium,U36263,Grace Johnson,123.78,2025-06-07
P1774,31.16,Books,Cancelled,124.64,East,Low,U53072,Frank Johnson,31.16,2025-08-26
P1775,1017.06,Electronics,Pending,1017.06,South,Medium,U41328,Paula Clark,1017.06,2025-12-13
P1776,86.06,Clothing,Cancelled,86.06,North,High,U82704,David Brown,86.06,2025-05-15
P1777,129.95,Clothing,Completed,389.85,North,High,U32825,Hannah Anderson,129.95,2025-12-06
P1778,85.06,Groceries,Pending,170.12,South,High,U44313,David Smith,85.06,2025-11-05
P1779,1999.12,Furniture,Cancelled,1999.12,South,Medium,U58449,Laura Brown,1999.12,2025-09-26
P1780,132.84,Toys,Completed,132.84,South,High,U35124,Rachel Lewis,132.84,2025-12-12
P1781,60.76,Groceries,Completed,121.52,South,Low,U29472,Kevin Taylor,60.76,2025-01-21
P1782,147.24,Sports,Refunded,294.48,South,Low,U71691,Tina Johnson,147.24,2025-03-17
P1783,2278.79,Furniture,Cancelled,11393.95,West,Low,U52182,Laura Young,2278.79,2025-12-16
P1784,57.57,Books,Cancelled,230.28,West,Low,U86543,Bob Taylor,57.57,2025-04-07
P1785,2603.19,Furniture,Pending,10412.76,East,Medium,U84890,Frank Clark,2603.19,2025-05-18
P1786,311.94,Electronics,Cancelled,311.94,West,Low,U86541,Bob Walker,311.94,2025-09-20
P1787,43.76,Groceries,Refunded,175.04,West,Medium,U51552,Ivan Lewis,43.76,2025-01-06
P1788,777.99,Furniture,Cancelled,777.99,North,Medium,U77212,Rachel Johnson,777.99,2025-05-08
P1789,281.25,Electronics,Completed,843.75,South,Medium,U53154,Ivan Anderson,281.25,2025-12-27
P1790,344.93,Sports,Pending,1034.79,South,Low,U44227,Alice Anderson,344.93,2025-05-27
P1791,78.75,Groceries,Refunded,315.0,North,Medium,U29566,Mike Taylor,78.75,2025-04-24
P1792,16.54,Books,Refunded,33.08,West,Medium,U51035,Grace Lewis,16.54,2025-12-14
P1793,93.35,Clothing,Completed,466.75,East,High,U26822,Julia Smith,93.35,2025-08-26
P1794,50.89,Books,Pending,152.67,West,Medium,U62870,Rachel Anderson,50.89,2025-06-19
P1795,1156.78,Electronics,Pending,1156.78,South,Medium,U89036,Tina King,1156.78,2025-07-13
P1796,190.25,Clothing,Refunded,190.25,South,Medium,U84647,Oscar Anderson,190.25,2025-02-06
P1797,1366.03,Electronics,Completed,2732.06,West,High,U19108,Mike Anderson,1366.03,2025-04-08
P1798,66.64,Groceries,Refunded,66.64,North,Medium,U32521,Kevin Lewis,66.64,2025-07-06
P1799,301.82,Electronics,Refunded,1207.28,North,Medium,U37063,Eva Taylor,301.82,2025-05-14
P1800,357.74,Sports,Pending,1430.96,East,Low,U99762,Oscar Anderson,357.74,2025-04-01
P1801,94.69,Clothing,Pending,378.76,East,Low,U70319,Oscar King,94.69,2025-01-24
P1802,611.43,Electronics,Cancelled,2445.72,East,Medium,U32954,Nina Taylor,611.43,2025-03-20
P1803,28.76,Books,Pending,115.04,North,Medium,U15723,Hannah Brown,28.76,2025-05-21
P1804,47.32,Toys,Pending,47.32,West,Medium,U82459,David Clark,47.32,2025-02-25
P1805,1033.57,Electronics,Refunded,3100.71,West,High,U76330,Bob Walker,1033.57,2025-01-03
P1806,43.2,Books,Refunded,172.8,East,Low,U35480,Mike Smith,43.2,2025-01-09
P1807,1432.74,Electronics,Cancelled,2865.48,West,Medium,U20819,Rachel Taylor,1432.74,2025-12-15
P1808,99.45,Clothing,Pending,298.35,South,High,U33230,Julia Johnson,99.45,2025-09-24
P1809,588.51,Furniture,Cancelled,588.51,South,Medium,U38399,Bob Young,588.51,2025-04-15
P1810,7.63,Books,Completed,38.15,West,Low,U16870,Tina Smith,7.63,2025-01-25
P1811,2324.63,Furniture,Cancelled,4649.26,South,High,U65270,Alice Smith,2324.63,2025-06-27
P1812,139.19,Clothing,Pending,139.19,North,Low,U31895,Bob Lewis,139.19,2025-09-04
P1813,170.3,Sports,Pending,851.5,South,Low,U66083,David Taylor,170.3,2025-04-04
P1814,33.69,Groceries,Refunded,33.69,East,High,U70132,Hannah Johnson,33.69,2025-11-27
P1815,65.69,Groceries,Completed,197.07,North,High,U88494,Paula Johnson,65.69,2025-12-18
P1816,495.36,Sports,Pending,2476.8,East,High,U92689,Mike Brown,495.36,2025-06-06
P1817,46.89,Books,Refunded,140.67,North,Medium,,Steve Walker,46.89,2025-07-17
P1818,45.8,Books,Completed,229.0,South,High,U26260,Julia Taylor,45.8,2025-12-14
P1819,129.34,Sports,Completed,129.34,South,Medium,U36478,Eva Lewis,129.34,2025-04-21
P1820,514.22,Electronics,Refunded,2571.1,East,High,U94358,Bob Young,514.22,2025-07-21
P1821,151.34,Sports,Pending,151.34,East,Medium,U80688,Bob Taylor,151.34,2025-11-23
P1822,17.23,Books,Cancelled,68.92,South,Medium,U18469,Paula Johnson,17.23,2025-04-02
P1823,59.56,Books,Pending,119.12,North,High,U36787,Hannah Young,59.56,2025-02-14
P1824,30.69,Books,Pending,61.38,South,Medium,U42632,Julia Anderson,30.69,2025-10-15
P1825,16.08,Books,Completed,64.32,East,Medium,U71697,Oscar Lewis,16.08,2025-09-20
P1826,28.84,Books,Refunded,57.68,North,Medium,U20909,Julia King,28.84,2025-09-05
P1827,110.36,Toys,Refunded,331.08,West,Medium,U59171,Rachel King,110.36,2025-08-03
P1828,15.39,Groceries,Pending,61.56,South,High,,Quinn Clark,15.39,2025-08-13
P1829,2826.83,Furniture,Refunded,8480.49,West,Medium,U87110,Charlie Lewis,2826.83,2025-01-04
P1830,2803.18,Furniture,Pending,5606.36,West,Medium,U55688,Quinn Walker,2803.18,2025-11-23
P1831,70.25,Groceries,Refunded,281.0,South,High,U57371,Alice Brown,70.25,2025-05-20
P1832,2838.37,Furniture,Cancelled,5676.74,South,Low,U96848,Frank Smith,2838.37,2025-02-25
P1833,1306.57,Electronics,Refunded,5226.28,North,Low,U65436,Frank Lewis,1306.57,2025-05-23
P1834,51.06,Groceries,Refunded,255.3,East,Low,U21648,David King,51.06,2025-06-27
P1835,61.11,Clothing,Refunded,122.22,East,High,U74451,Alice Johnson,61.11,2025-02-25
P1836,27.98,Books,Cancelled,111.92,West,High,U34431,Eva Taylor,27.98,2025-08-06
P1837,142.53,Toys,Pending,570.12,South,High,U33950,Grace Anderson,142.53,2025-07-15
P1838,55.21,Books,Pending,55.21,North,Medium,U26342,Ivan Johnson,55.21,2025-06-01
P1839,39.04,Toys,Completed,156.16,North,High,U10947,Steve Smith,39.04,2025-02-07
P1840,119.81,Toys,Cancelled,479.24,West,Medium,U89216,Nina Clark,119.81,2025-06-22
P1841,99.95,Groceries,Cancelled,199.9,West,Medium,U56665,Kevin Johnson,99.95,2025-01-15
P1842,352.17,Sports,Completed,704.34,North,Low,U42576,Laura Walker,352.17,2025-10-22
P1843,52.84,Books,Refunded,264.2,South,High,U52229,Alice Clark,52.84,2025-01-26
P1844,22.9,Books,Pending,91.6,West,Medium,U20665,Laura Lewis,22.9,2025-08-22
P1845,352.75,Sports,Refunded,352.75,East,Low,U28764,Quinn King,352.75,2025-12-17
P1846,299.33,Electronics,Cancelled,299.33,West,High,U25162,Paula Young,299.33,2025-04-08
P1847,42.38,Clothing,Completed,42.38,West,Low,,Kevin Lewis,42.38,2025-05-08
P1848,19.17,Books,Completed,76.68,South,Low,U74482,Charlie Clark,19.17,2025-04-19
P1849,462.69,Sports,Cancelled,462.69,West,Low,U60023,Rachel Lewis,462.69,2025-04-08
P1850,13.34,Groceries,Completed,13.34,North,Medium,U34662,David King,13.34,2025-06-05
P1851,163.55,Sports,Completed,654.2,East,High,U34885,Mike Lewis,163.55,2025-06-25
P1852,80.16,Groceries,Pending,160.32,North,Medium,,Oscar Clark,80.16,2025-03-27
P1853,84.05,Groceries,Refunded,336.2,South,Low,U97208,Bob King,84.05,2025-06-10
P1854,148.6,Toys,Cancelled,148.6,West,Low,U74883,Julia Lewis,148.6,2025-01-26
P1855,16.96,Groceries,Pending,33.92,North,High,U61355,Julia Brown,16.96,2025-01-18
P1856,1078.49,Furniture,Cancelled,4313.96,West,Medium,U47098,Julia Taylor,1078.49,2025-12-28
P1857,62.1,Toys,Cancelled,124.2,North,Low,U95804,Frank King,62.1,2025-03-15
P1858,31.53,Books,Pending,63.06,South,Low,U95359,Alice Clark,31.53,2025-12-28
P1859,19.78,Toys,Refunded,39.56,West,Low,U17383,David Clark,19.78,2025-08-06
P1860,278.83,Electronics,Cancelled,1394.15,West,High,U62952,Hannah Smith,278.83,2025-02-08
P1861,1517.02,Furniture,Pending,7585.1,West,Low,U97914,Charlie Walker,1517.02,2025-11-13
P1862,63.97,Groceries,Cancelled,255.88,North,High,U25997,Paula Young,63.97,2025-04-01
P1863,88.08,Toys,Refunded,440.4,East,Low,U87709,Frank Lewis,88.08,2025-08-21
P1864,28.85,Books,Pending,144.25,North,Medium,U80452,Frank Lewis,28.85,2025-12-01
P1865,1712.57,Furniture,Refunded,8562.85,North,Low,U80645,David Taylor,1712.57,2025-11-04
P1866,173.78,Clothing,Completed,347.56,West,Medium,U26884,Steve Taylor,173.78,2025-11-06
P1867,1146.87,Electronics,Completed,1146.87,North,Low,U81359,Frank Lewis,1146.87,2025-11-01
P1868,67.11,Clothing,Cancelled,335.55,West,High,U51017,Quinn Clark,67.11,2025-10-18
P1869,35.43,Toys,Completed,35.43,South,High,U49283,Grace Brown,35.43,2025-10-18
P1870,122.44,Clothing,Pending,367.32,West,High,U44167,Mike Brown,122.44,2025-07-15
P1871,1892.24,Electronics,Pending,7568.96,South,High,U45310,Grace Clark,1892.24,2025-10-22
P1872,50.13,Books,Pending,250.65,West,High,U66836,Mike Smith,50.13,2025-10-08
P1873,576.74,Electronics,Completed,2883.7,West,High,U21662,Laura Clark,576.74,2025-05-05
P1874,401.07,Sports,Completed,1203.21,North,Medium,U39127,Mike Johnson,401.07,2025-02-06
P1875,110.61,Toys,Refunded,331.83,North,Low,U84993,Julia Young,110.61,2025-05-20
P1876,1798.31,Electronics,Cancelled,3596.62,West,High,U98842,Rachel Young,1798.31,2025-10-28
P1877,1482.9,Furniture,Cancelled,2965.8,North,Low,U30380,Eva Brown,1482.9,2025-07-19
P1878,19.71,Books,Pending,59.13,West,Low,U67535,Laura Walker,19.71,2025-09-10
P1879,95.36,Groceries,Pending,476.8,East,Low,U50063,Nina Clark,95.36,2025-02-21
P1880,199.55,Electronics,Completed,399.1,South,Low,U47467,Rachel Walker,199.55,2025-01-14
P1881,32.98,Books,Refunded,65.96,West,Low,U98706,Rachel Johnson,32.98,2025-07-01
P1882,32.58,Toys,Refunded,32.58,East,High,U96661,Quinn King,32.58,2025-01-20
P1883,2897.48,Furniture,Pending,14487.4,South,High,U27474,Quinn Clark,2897.48,2025-01-14
P1884,1199.37,Furniture,Completed,3598.11,East,Low,U80663,David Anderson,1199.37,2025-05-16
P1885,27.95,Groceries,Refunded,27.95,South,Medium,U94275,Quinn Smith,27.95,2025-08-20
P1886,249.25,Sports,Completed,747.75,West,Medium,U24046,Alice Clark,249.25,2025-12-06
P1887,1128.14,Furniture,Refunded,1128.14,West,High,U77412,Eva Lewis,1128.14,2025-02-16
P1888,353.48,Electronics,Pending,1060.44,West,Medium,U57775,Nina Brown,353.48,2025-09-26
P1889,12.65,Groceries,Refunded,50.6,South,High,U66880,Alice Clark,12.65,2025-12-07
P1890,419.66,Electronics,Pending,419.66,West,Medium,U14142,Frank Taylor,419.66,2025-08-22
P1891,13.64,Groceries,Refunded,54.56,South,Medium,U62412,Quinn Lewis,13.64,2025-03-04
P1892,1595.79,Electronics,Pending,3191.58,East,Low,,Hannah Smith,1595.79,2025-11-27
P1893,44.11,Groceries,Completed,220.55,West,Medium,U73691,Charlie Lewis,44.11,2025-04-20
P1894,148.56,Clothing,Pending,297.12,East,High,U42421,Nina Taylor,148.56,2025-08-23
P1895,406.88,Sports,Pending,2034.4,South,Low,U29493,Hannah Johnson,406.88,2025-03-13
P1896,584.03,Electronics,Pending,1168.06,West,High,U21919,Bob Lewis,584.03,2025-07-17
P1897,70.62,Groceries,Pending,141.24,East,Medium,U76828,Nina Smith,70.62,2025-05-04
P1898,37.63,Groceries,Refunded,112.89,South,Medium,U33822,Bob Smith,37.63,2025-01-22
P1899,22.69,Books,Refunded,68.07,East,Low,U34227,Ivan Walker,22.69,2025-06-11
P1900,12.93,Groceries,Pending,12.93,East,Medium,U57367,Steve Young,12.93,2025-10-12
P1901,133.55,Clothing,Refunded,267.1,North,High,U88883,David Smith,133.55,2025-10-21
P1902,103.31,Sports,Completed,413.24,North,Low,U49515,Paula Taylor,103.31,2025-09-24
P1903,18.32,Clothing,Refunded,36.64,East,Low,U57973,Oscar Johnson,18.32,2025-07-03
P1904,1315.11,Furniture,Completed,6575.55,South,Low,U26899,Julia Smith,1315.11,2025-10-02
P1905,486.51,Sports,Refunded,973.02,West,Low,U77303,Charlie Brown,486.51,2025-08-25
P1906,60.7,Toys,Refunded,242.8,East,High,U30971,Steve Taylor,60.7,2025-10-23
P1907,1764.35,Electronics,Refunded,8821.75,East,Medium,U48844,Ivan Young,1764.35,2025-02-06
P1908,18.67,Clothing,Cancelled,37.34,North,Low,U46406,Eva Anderson,18.67,2025-01-21
P1909,198.01,Clothing,Completed,396.02,North,Low,U89319,Laura Clark,198.01,2025-02-23
P1910,43.29,Toys,Refunded,86.58,East,Medium,U92045,Alice Clark,43.29,2025-04-24
P1911,19.32,Groceries,Completed,19.32,West,Low,U92081,Tina Young,19.32,2025-04-27
P1912,739.85,Furniture,Pending,2219.55,West,High,U66872,Laura Brown,739.85,2025-08-03
P1913,626.39,Furniture,Pending,1252.78,South,Low,U33646,Julia Smith,626.39,2025-05-06
P1914,165.32,Clothing,Pending,826.6,North,High,U42145,Oscar Lewis,165.32,2025-02-24
P1915,24.91,Toys,Completed,24.91,West,Medium,,Alice Smith,24.91,2025-03-08
P1916,50.96,Sports,Completed,101.92,North,High,U54353,Charlie Taylor,50.96,2025-03-16
P1917,285.8,Sports,Pending,1143.2,East,Medium,U41956,Bob Young,285.8,2025-12-09
P1918,34.9,Books,Completed,34.9,North,Low,U77048,Nina Brown,34.9,2025-01-08
P1919,492.02,Electronics,Pending,1968.08,East,Low,U99707,Mike Johnson,492.02,2025-08-06
P1920,487.82,Electronics,Cancelled,1463.46,North,Low,U57250,Charlie Smith,487.82,2025-10-05
P1921,91.44,Clothing,Pending,274.32,West,High,U49526,Tina Anderson,91.44,2025-06-04
P1922,91.79,Groceries,Cancelled,275.37,North,High,U29482,Eva Clark,91.79,2025-03-13
P1923,2191.9,Furniture,Completed,8767.6,North,Low,U46500,Eva Johnson,2191.9,2025-06-05
P1924,155.83,Clothing,Cancelled,467.49,West,Medium,U64256,Tina Clark,155.83,2025-03-26
P1925,55.69,Books,Refunded,222.76,West,Low,U79792,Rachel Taylor,55.69,2025-07-03
P1926,108.66,Toys,Pending,543.3,North,High,U36644,Alice Clark,108.66,2025-09-16
P1927,184.97,Clothing,Cancelled,184.97,East,High,U28892,Rachel Lewis,184.97,2025-04-07
P1928,120.05,Sports,Completed,240.1,South,Medium,U65667,Laura Smith,120.05,2025-12-04
P1929,36.99,Books,Pending,147.96,North,High,U20353,Hannah Johnson,36.99,2025-01-19
P1930,408.72,Sports,Pending,817.44,West,Low,U79133,Julia Walker,408.72,2025-07-24
P1931,45.51,Groceries,Cancelled,45.51,North,High,U94207,Bob King,45.51,2025-03-17
P1932,12.06,Clothing,Refunded,48.24,East,Low,U39794,Nina Brown,12.06,2025-05-03
P1933,59.75,Toys,Pending,119.5,West,Low,U61418,Frank Young,59.75,2025-10-27
P1934,1642.29,Electronics,Refunded,6569.16,East,Low,U59868,Frank Smith,1642.29,2025-06-21
P1935,664.72,Furniture,Completed,664.72,North,Medium,U53970,Alice Taylor,664.72,2025-05-06
P1936,20.44,Toys,Completed,40.88,East,High,U93674,Bob Taylor,20.44,2025-05-03
P1937,86.9,Toys,Refunded,434.5,North,High,U50449,Alice Clark,86.9,2025-05-13
P1938,33.26,Toys,Cancelled,133.04,South,Low,U53426,Nina Young,33.26,2025-02-17
P1939,389.78,Sports,Refunded,389.78,West,Low,U14903,Julia Brown,389.78,2025-03-22
P1940,328.38,Furniture,Pending,328.38,South,Low,U31108,Quinn Young,328.38,2025-12-20
P1941,33.78,Books,Refunded,101.34,South,Medium,U91719,Nina Smith,33.78,2025-12-25
P1942,26.32,Books,Completed,52.64,South,Low,U75211,David Smith,26.32,2025-03-25
P1943,161.68,Sports,Refunded,161.68,North,Medium,U48745,Frank Johnson,161.68,2025-05-19
P1944,36.63,Groceries,Pending,36.63,West,Medium,U43557,Oscar Brown,36.63,2025-02-19
P1945,214.82,Furniture,Refunded,644.46,West,Low,U26906,Oscar Clark,214.82,2025-09-28
P1946,143.05,Toys,Completed,429.15,West,Low,U99463,Bob King,143.05,2025-11-02
P1947,48.48,Books,Completed,242.4,South,High,U30736,Steve Lewis,48.48,2025-02-08
P1948,2635.06,Furniture,Cancelled,2635.06,West,Medium,U70929,David Johnson,2635.06,2025-03-24
P1949,1839.05,Electronics,Refunded,7356.2,South,Medium,U51587,Kevin King,1839.05,2025-08-07
P1950,45.77,Books,Cancelled,45.77,West,High,U71599,Eva Taylor,45.77,2025-06-19
P1951,1976.23,Electronics,Completed,7904.92,East,Medium,U37973,Bob Taylor,1976.23,2025-01-25
P1952,28.26,Books,Pending,84.78,North,High,U63093,Charlie Anderson,28.26,2025-12-15
P1953,215.66,Sports,Cancelled,431.32,South,High,U66168,Kevin Anderson,215.66,2025-03-07
P1954,94.31,Groceries,Refunded,377.24,South,Low,U84752,Mike Smith,94.31,2025-09-26
P1955,33.79,Toys,Pending,168.95,East,Low,U51486,Alice Brown,33.79,2025-08-05
P1956,2606.47,Furniture,Refunded,2606.47,East,Low,U69055,Eva Walker,2606.47,2025-11-19
P1957,121.15,Electronics,Refunded,242.3,South,Low,U55624,Grace Taylor,121.15,2025-11-19
P1958,772.0,Electronics,Completed,2316.0,East,Medium,U26350,Paula Walker,772.0,2025-07-14
P1959,36.52,Groceries,Refunded,182.6,East,High,U70138,Nina Clark,36.52,2025-03-18
P1960,28.59,Toys,Refunded,114.36,East,Low,U67343,Julia King,28.59,2025-02-03
P1961,420.24,Sports,Completed,420.24,West,High,U91766,Rachel Johnson,420.24,2025-11-15
P1962,89.28,Toys,Cancelled,89.28,West,High,U69589,Rachel Lewis,89.28,2025-02-07
P1963,240.09,Sports,Cancelled,240.09,West,Medium,U94523,Mike Smith,240.09,2025-06-26
P1964,106.44,Clothing,Cancelled,319.32,East,Medium,U10544,Nina Smith,106.44,2025-01-01
P1965,160.2,Clothing,Cancelled,801.0,East,High,U66363,Hannah Young,160.2,2025-07-07
P1966,98.44,Toys,Refunded,98.44,South,Low,U32769,Mike Clark,98.44,2025-09-06
P1967,769.81,Furniture,Completed,1539.62,West,Low,U82470,Frank Clark,769.81,2025-04-03
P1968,100.0,Electronics,Pending,100.0,North,Low,U20324,Steve Lewis,100.0,2025-01-24
P1969,12.18,Books,Cancelled,48.72,South,High,U39065,Julia Taylor,12.18,2025-09-27
P1970,148.0,Clothing,Cancelled,592.0,North,Medium,U28844,Alice King,148.0,2025-02-04
P1971,2788.88,Furniture,Completed,2788.88,South,Medium,U33675,Charlie Johnson,2788.88,2025-08-28
P1972,91.45,Groceries,Refunded,182.9,North,Medium,U64230,Charlie Walker,91.45,2025-11-03
P1973,140.59,Clothing,Cancelled,562.36,West,High,U11329,Frank King,140.59,2025-11-20
P1974,25.41,Sports,Cancelled,76.23,West,Low,U10657,Frank Young,25.41,2025-12-09
P1975,426.05,Electronics,Completed,426.05,South,High,U25045,Grace Smith,426.05,2025-06-05
P1976,25.85,Clothing,Cancelled,51.7,East,Medium,U22054,Laura Young,25.85,2025-11-10
P1977,2261.06,Furniture,Refunded,9044.24,West,High,U35936,Ivan Lewis,2261.06,2025-02-19
P1978,385.56,Sports,Pending,1156.68,South,Low,U68478,Nina King,385.56,2025-12-09
P1979,166.19,Sports,Refunded,166.19,West,High,U59015,Charlie Walker,166.19,2025-03-02
P1980,41.69,Toys,Cancelled,166.76,East,Medium,,Frank Clark,41.69,2025-07-26
P1981,77.97,Clothing,Pending,77.97,East,Medium,U51215,David Smith,77.97,2025-06-23
P1982,1447.77,Electronics,Refunded,2895.54,East,High,U60540,Julia King,1447.77,2025-04-17
P1983,29.55,Clothing,Completed,88.65,West,Low,U51652,Kevin Taylor,29.55,2025-04-02
P1984,252.03,Sports,Cancelled,252.03,West,High,U32431,Tina Clark,252.03,2025-10-13
P1985,119.52,Clothing,Completed,358.56,North,Medium,U62797,Bob Young,119.52,2025-09-02
P1986,65.19,Groceries,Refunded,65.19,North,Medium,U46002,Kevin Clark,65.19,2025-07-03
P1987,117.32,Toys,Completed,469.28,West,Medium,U69582,Paula Johnson,117.32,2025-06-20
P1988,107.11,Electronics,Completed,107.11,South,High,U67105,Hannah Brown,107.11,2025-02-07
P1989,54.63,Books,Completed,163.89,North,Medium,U15646,David Smith,54.63,2025-05-03
P1990,34.27,Groceries,Refunded,171.35,East,Low,U28056,Steve Walker,34.27,2025-02-05
P1991,86.47,Groceries,Refunded,432.35,West,Low,U79152,Hannah King,86.47,2025-08-22
P1992,2931.41,Furniture,Refunded,8794.23,South,High,U48828,Charlie Clark,2931.41,2025-09-27
P1993,128.76,Sports,Completed,257.52,North,Medium,U11720,Grace Walker,128.76,2025-07-07
P1994,403.15,Furniture,Cancelled,806.3,East,Low,U30184,Quinn Johnson,403.15,2025-03-08
P1995,39.79,Groceries,Pending,159.16,West,High,U65455,Frank Anderson,39.79,2025-10-21
P1996,337.21,Electronics,Completed,337.21,South,High,U34514,Ivan Smith,337.21,2025-08-22
P1997,70.63,Toys,Completed,211.89,North,Medium,U29742,Mike Young,70.63,2025-07-17
P1998,7.21,Groceries,Cancelled,21.63,North,High,U65389,Grace Anderson,7.21,2025-04-13
P1999,122.87,Clothing,Refunded,614.35,West,High,U94717,Hannah Johnson,122.87,2025-04-04
P2000,1795.36,Electronics,Cancelled,8976.8,South,High,U46105,Hannah King,1795.36,2025-12-23
P2001,1236.53,Furniture,Pending,1236.53,East,Medium,U36683,Laura Anderson,1236.53,2025-12-20
P2002,73.92,Groceries,Pending,73.92,West,Low,U41276,Frank Clark,73.92,2025-11-03
P2003,45.6,Clothing,Pending,182.4,North,Low,U53785,Alice Brown,45.6,2025-05-03
P2004,139.05,Clothing,Cancelled,139.05,West,Low,,Hannah Walker,139.05,2025-02-02
P2005,18.52,Sports,Pending,55.56,South,High,U23106,Julia Clark,18.52,2025-08-16
P2006,24.29,Books,Cancelled,121.45,West,Medium,U11777,Laura Anderson,24.29,2025-12-11
P2007,117.31,Toys,Refunded,586.55,North,Medium,U93859,Alice Brown,117.31,2025-07-28
P2008,135.28,Clothing,Cancelled,270.56,West,High,U66455,Laura Taylor,135.28,2025-12-03
P2009,184.92,Clothing,Completed,739.68,East,Low,U68886,Quinn Brown,184.92,2025-05-22
P2010,89.02,Groceries,Refunded,356.08,East,Medium,U85958,Quinn Clark,89.02,2025-10-04
P2011,2406.47,Furniture,Cancelled,12032.35,East,High,U75395,Eva Walker,2406.47,2025-11-05
P2012,145.17,Toys,Pending,725.85,East,Medium,U48630,Alice Walker,145.17,2025-01-07
P2013,82.9,Groceries,Completed,82.9,West,Medium,,Laura Smith,82.9,2025-01-09
P2014,76.54,Clothing,Pending,229.62,North,Low,U35785,Nina King,76.54,2025-02-10
P2015,16.11,Clothing,Pending,48.33,West,Medium,U22863,Ivan Anderson,16.11,2025-10-10
P2016,117.14,Clothing,Pending,351.42,South,Medium,U82651,Grace Anderson,117.14,2025-05-03
P2017,57.53,Groceries,Pending,230.12,West,Medium,U79018,Oscar Clark,57.53,2025-09-22
P2018,24.67,Books,Refunded,74.01,West,Medium,U70461,Alice Young,24.67,2025-01-25
P2019,356.44,Furniture,Cancelled,712.88,South,Low,U26682,Tina Young,356.44,2025-10-10
P2020,1522.9,Electronics,Pending,6091.6,West,Low,,Quinn Walker,1522.9,2025-01-03
P2021,576.84,Electronics,Cancelled,576.84,North,Medium,U53425,Bob Johnson,576.84,2025-12-19
P2022,33.1,Books,Pending,33.1,South,Low,U74920,Eva Taylor,33.1,2025-11-21
P2023,85.84,Sports,Completed,257.52,West,Low,U25035,Charlie Smith,85.84,2025-03-20
P2024,1063.65,Electronics,Pending,2127.3,North,Medium,,Quinn Walker,1063.65,2025-07-02
P2025,634.85,Electronics,Pending,2539.4,South,Low,U90315,Oscar King,634.85,2025-02-14
P2026,130.88,Clothing,Pending,261.76,South,High,U81654,Grace Walker,130.88,2025-08-10
P2027,67.42,Groceries,Refunded,337.1,East,Low,U60570,David Walker,67.42,2025-07-27
P2028,529.68,Furniture,Refunded,1589.04,North,Low,U86092,Julia Smith,529.68,2025-11-21
P2029,39.09,Books,Cancelled,39.09,South,Medium,U70076,Ivan Smith,39.09,2025-03-12
P2030,129.1,Toys,Pending,645.5,East,Low,U77245,Charlie Brown,129.1,2025-11-05
P2031,66.28,Groceries,Cancelled,331.4,West,Low,U28355,Ivan Anderson,66.28,2025-07-03
P2032,326.12,Sports,Refunded,1304.48,South,Low,U76450,Quinn Anderson,326.12,2025-03-23
P2033,59.71,Groceries,Cancelled,298.55,West,High,,Frank Taylor,59.71,2025-02-22
P2034,1023.9,Electronics,Cancelled,4095.6,South,Low,U23819,Frank Lewis,1023.9,2025-07-03
P2035,1243.21,Electronics,Completed,1243.21,North,Medium,U89499,Alice Brown,1243.21,2025-06-04
P2036,29.72,Books,Pending,59.44,South,Medium,U98978,Julia Taylor,29.72,2025-04-24
P2037,92.47,Clothing,Pending,462.35,North,Low,,David Taylor,92.47,2025-01-26
P2038,179.73,Clothing,Refunded,539.19,North,Medium,U94178,Quinn Walker,179.73,2025-04-27
P2039,118.37,Clothing,Cancelled,473.48,East,Low,U28071,Charlie Walker,118.37,2025-07-21
P2040,2634.53,Furniture,Completed,13172.65,South,Low,U25456,Paula Taylor,2634.53,2025-01-20
P2041,52.98,Toys,Cancelled,105.96,East,Medium,U18906,Frank Anderson,52.98,2025-02-18
P2042,40.0,Toys,Cancelled,200.0,West,Low,U24532,Steve Walker,40.0,2025-05-21
P2043,112.94,Electronics,Cancelled,451.76,South,Medium,U17784,Eva Taylor,112.94,2025-09-27
P2044,23.13,Books,Pending,23.13,West,High,U83905,Tina Smith,23.13,2025-06-03
P2045,1834.63,Furniture,Completed,9173.15,West,High,U15471,David Smith,1834.63,2025-08-17
P2046,133.56,Clothing,Refunded,534.24,East,High,,Bob Smith,133.56,2025-04-18
P2047,129.74,Toys,Refunded,129.74,North,Medium,U26415,Nina Lewis,129.74,2025-09-05
P2048,904.01,Electronics,Cancelled,4520.05,East,High,U17592,Hannah Taylor,904.01,2025-02-19
P2049,492.9,Electronics,Completed,2464.5,North,Low,U17455,Charlie Smith,492.9,2025-03-15
P2050,63.69,Clothing,Cancelled,191.07,South,Medium,U62142,Paula Johnson,63.69,2025-11-03
P2051,537.89,Electronics,Pending,2689.45,West,Low,U56787,Hannah Walker,537.89,2025-12-10
P2052,78.46,Groceries,Pending,235.38,East,Medium,U75987,David Smith,78.46,2025-06-14
P2053,57.28,Books,Cancelled,229.12,North,High,U78287,Hannah Anderson,57.28,2025-12-18
P2054,33.32,Clothing,Completed,66.64,South,Low,U69475,David Smith,33.32,2025-08-27
P2055,577.08,Electronics,Refunded,2885.4,East,High,U89920,Mike Walker,577.08,2025-01-28
P2056,1215.52,Furniture,Pending,1215.52,South,Medium,U66503,Rachel Smith,1215.52,2025-11-10
P2057,1106.02,Electronics,Completed,3318.06,East,Medium,U87458,Grace Smith,1106.02,2025-06-24
P2058,314.55,Sports,Completed,1258.2,North,Low,U98862,Julia Young,314.55,2025-08-14
P2059,109.29,Toys,Cancelled,546.45,South,Medium,U41224,Eva Smith,109.29,2025-05-26
P2060,57.3,Books,Pending,57.3,East,Medium,U15060,Tina Anderson,57.3,2025-06-09
P2061,18.78,Books,Completed,93.9,North,Medium,U52072,Ivan Brown,18.78,2025-08-15
P2062,907.82,Electronics,Completed,3631.28,East,Medium,U82955,Grace Lewis,907.82,2025-01-19
P2063,589.07,Electronics,Cancelled,2945.35,North,Medium,U46194,Ivan Walker,589.07,2025-03-08
P2064,14.6,Books,Completed,73.0,South,High,U34150,Quinn Walker,14.6,2025-10-11
P2065,1129.15,Electronics,Completed,2258.3,East,Medium,,Laura Young,1129.15,2025-12-02
P2066,39.03,Toys,Completed,39.03,West,High,U41061,Grace Clark,39.03,2025-10-12
P2067,413.12,Sports,Completed,1652.48,West,Medium,U52800,Tina Clark,413.12,2025-06-14
P2068,25.61,Books,Completed,76.83,South,Medium,,Eva King,25.61,2025-01-04
P2069,35.66,Toys,Cancelled,106.98,South,Medium,U14272,Eva Lewis,35.66,2025-11-03
P2070,1919.32,Electronics,Refunded,3838.64,North,Low,U89574,Paula Young,1919.32,2025-09-15
P2071,28.38,Groceries,Cancelled,141.9,South,Medium,U57443,Hannah Walker,28.38,2025-06-24
P2072,1401.49,Electronics,Refunded,5605.96,East,High,U76275,Charlie Clark,1401.49,2025-11-16
P2073,38.4,Toys,Pending,153.6,South,Low,U63427,Steve Brown,38.4,2025-10-09
P2074,150.57,Sports,Completed,451.71,North,Medium,U29450,Steve Walker,150.57,2025-11-25
P2075,180.98,Clothing,Completed,723.92,South,High,U82689,Paula Johnson,180.98,2025-03-28
P2076,1676.02,Electronics,Pending,1676.02,North,High,U79377,Mike Lewis,1676.02,2025-06-05
P2077,2121.09,Furniture,Cancelled,4242.18,North,Medium,U54124,Steve King,2121.09,2025-10-04
P2078,7.49,Books,Refunded,22.47,West,Low,U67106,Julia Walker,7.49,2025-12-05
P2079,15.09,Books,Completed,75.45,South,High,U58480,Oscar Lewis,15.09,2025-06-15
P2080,106.65,Clothing,Cancelled,533.25,North,High,U54710,Bob King,106.65,2025-09-17
P2081,78.69,Toys,Cancelled,314.76,East,Medium,U33385,Eva Smith,78.69,2025-12-24
P2082,91.8,Clothing,Cancelled,275.4,North,Medium,U25538,Julia Anderson,91.8,2025-08-15
P2083,178.22,Clothing,Cancelled,534.66,North,High,U28481,David Taylor,178.22,2025-09-27
P2084,114.46,Toys,Completed,114.46,South,High,U13378,Laura Taylor,114.46,2025-05-19
P2085,2223.06,Furniture,Pending,11115.3,West,Medium,U25720,Oscar Lewis,2223.06,2025-08-09
P2086,1735.78,Electronics,Completed,5207.34,East,High,U39155,Charlie Clark,1735.78,2025-03-17
P2087,29.06,Groceries,Completed,145.3,East,High,U78327,Kevin Taylor,29.06,2025-09-22
P2088,440.01,Sports,Completed,440.01,South,High,U38863,Grace Anderson,440.01,2025-08-05
P2089,2460.22,Furniture,Cancelled,9840.88,South,High,U21627,Quinn Taylor,2460.22,2025-01-14
P2090,1006.85,Electronics,Pending,5034.25,South,High,U44481,Tina Lewis,1006.85,2025-11-19
P2091,131.17,Clothing,Pending,524.68,East,High,U97552,Paula Walker,131.17,2025-11-13
P2092,56.78,Toys,Cancelled,227.12,North,High,U47653,Nina Walker,56.78,2025-06-08
P2093,28.37,Books,Refunded,56.74,East,Low,U62178,Eva Walker,28.37,2025-08-20
P2094,2092.94,Furniture,Cancelled,2092.94,East,Low,U63609,Bob Young,2092.94,2025-06-09
P2095,22.47,Books,Refunded,89.88,West,Medium,U17160,Ivan Walker,22.47,2025-12-08
P2096,64.35,Groceries,Cancelled,64.35,West,Medium,U31828,Rachel Taylor,64.35,2025-11-04
P2097,93.56,Toys,Completed,187.12,North,Medium,U53684,Laura Young,93.56,2025-02-21
P2098,1061.37,Electronics,Pending,3184.11,South,Low,U40059,Julia Brown,1061.37,2025-06-11
P2099,725.28,Furniture,Completed,1450.56,North,High,U79016,David Young,725.28,2025-07-26
P2100,222.63,Furniture,Cancelled,667.89,North,High,U42415,Bob Anderson,222.63,2025-12-04
P2101,394.19,Sports,Pending,1576.76,East,High,U76127,Nina Smith,394.19,2025-01-24
P2102,275.43,Sports,Completed,550.86,West,High,U50919,Kevin Lewis,275.43,2025-09-24
P2103,639.2,Electronics,Pending,2556.8,North,Medium,U85523,Paula Lewis,639.2,2025-05-14
P2104,483.39,Electronics,Cancelled,1933.56,West,Medium,U79888,Quinn Taylor,483.39,2025-07-01
P2105,2209.92,Furniture,Completed,6629.76,West,High,U13262,Mike Taylor,2209.92,2025-08-12
P2106,1733.14,Furniture,Cancelled,5199.42,South,Low,U22502,Rachel Brown,1733.14,2025-04-28
P2107,1820.89,Furniture,Pending,1820.89,West,Low,U78603,Steve Taylor,1820.89,2025-01-25
P2108,830.87,Furniture,Cancelled,2492.61,South,High,U84096,Tina Lewis,830.87,2025-01-09
P2109,16.51,Books,Refunded,82.55,West,Medium,U40898,Kevin Walker,16.51,2025-12-16
P2110,85.45,Toys,Completed,85.45,West,Low,U26683,Alice Brown,85.45,2025-09-24
P2111,374.08,Electronics,Completed,1496.32,North,Medium,U92072,Quinn Walker,374.08,2025-03-24
P2112,278.07,Sports,Completed,1112.28,East,High,U48564,Ivan Young,278.07,2025-06-20
P2113,57.25,Groceries,Pending,114.5,East,Low,U90478,Laura Young,57.25,2025-10-09
P2114,1442.35,Furniture,Pending,4327.05,South,Low,U72111,Alice Clark,1442.35,2025-07-06
P2115,99.39,Clothing,Cancelled,99.39,South,High,U80481,Oscar Clark,99.39,2025-02-02
P2116,72.96,Toys,Completed,145.92,East,Low,U39626,Laura Smith,72.96,2025-04-09
P2117,82.43,Groceries,Cancelled,329.72,East,Low,U43390,Rachel Young,82.43,2025-11-22
P2118,24.72,Clothing,Completed,49.44,South,Medium,U83880,David Brown,24.72,2025-09-19
P2119,47.13,Books,Cancelled,141.39,West,High,U40386,Grace Johnson,47.13,2025-10-05
P2120,41.32,Clothing,Cancelled,41.32,North,High,U67630,Nina Walker,41.32,2025-06-10
P2121,115.2,Toys,Refunded,230.4,West,Medium,U56529,Julia Young,115.2,2025-06-17
P2122,1772.41,Electronics,Pending,3544.82,East,Low,U67310,Rachel Walker,1772.41,2025-08-23
P2123,132.76,Sports,Refunded,132.76,East,High,,Laura Walker,132.76,2025-11-12
P2124,28.32,Books,Pending,141.6,West,Medium,U11398,Grace Walker,28.32,2025-06-17
P2125,11.07,Clothing,Cancelled,33.21,North,Medium,U75902,Alice King,11.07,2025-05-02
P2126,20.12,Books,Refunded,80.48,North,Low,U45936,Bob King,20.12,2025-01-28
P2127,56.02,Books,Refunded,280.1,West,High,U94875,Rachel Johnson,56.02,2025-01-12
P2128,1245.19,Electronics,Pending,2490.38,South,High,U25653,Bob Walker,1245.19,2025-11-23
P2129,662.76,Electronics,Cancelled,3313.8,South,Low,U12185,Kevin Clark,662.76,2025-12-06
P2130,109.71,Toys,Completed,329.13,West,Medium,U97771,Bob Johnson,109.71,2025-04-27
P2131,255.75,Sports,Completed,767.25,South,Medium,,Tina Taylor,255.75,2025-12-17
P2132,601.61,Furniture,Cancelled,601.61,East,Low,U54754,Oscar King,601.61,2025-12-03
P2133,139.89,Toys,Completed,139.89,North,High,U34334,Kevin King,139.89,2025-11-01
P2134,92.97,Sports,Pending,92.97,East,Medium,U42339,Julia Taylor,92.97,2025-12-25
P2135,12.3,Books,Refunded,12.3,East,High,U84060,Kevin Lewis,12.3,2025-04-27
P2136,61.83,Clothing,Pending,123.66,East,Medium,U44674,Charlie Walker,61.83,2025-06-19
P2137,36.19,Groceries,Refunded,180.95,South,High,U86706,Mike Brown,36.19,2025-09-19
P2138,198.81,Clothing,Cancelled,795.24,East,High,U76029,Rachel Anderson,198.81,2025-02-17
P2139,113.25,Sports,Refunded,226.5,East,High,U77768,Frank Walker,113.25,2025-03-15
P2140,51.83,Toys,Refunded,259.15,North,Medium,U92506,Laura Smith,51.83,2025-03-14
P2141,1070.67,Furniture,Pending,1070.67,East,Medium,U81667,Frank Smith,1070.67,2025-08-26
P2142,71.18,Toys,Refunded,355.9,West,Medium,U43105,Laura King,71.18,2025-06-16
P2143,27.06,Books,Pending,27.06,North,Medium,U45305,Steve Lewis,27.06,2025-10-01
P2144,107.32,Clothing,Pending,321.96,South,High,U17051,Charlie Anderson,107.32,2025-03-26
P2145,46.95,Groceries,Refunded,93.9,North,Low,U32553,Julia Anderson,46.95,2025-02-06
P2146,172.97,Clothing,Completed,691.88,South,High,U59054,Alice Walker,172.97,2025-03-12
P2147,968.06,Electronics,Pending,3872.24,West,Low,U70749,Hannah Johnson,968.06,2025-07-05
P2148,76.78,Groceries,Refunded,153.56,East,Medium,U65652,Tina Lewis,76.78,2025-09-03
P2149,49.85,Groceries,Completed,249.25,South,Low,U40822,Laura Clark,49.85,2025-06-17
P2150,10.78,Sports,Refunded,53.9,North,Low,U75529,Grace Smith,10.78,2025-04-10
P2151,369.27,Furniture,Pending,1477.08,West,High,U60700,Paula Smith,369.27,2025-05-14
P2152,41.07,Clothing,Completed,205.35,West,High,U23291,Mike Smith,41.07,2025-03-11
P2153,119.19,Clothing,Refunded,476.76,North,Medium,U97843,Mike Lewis,119.19,2025-01-10
P2154,850.08,Furniture,Refunded,850.08,East,Medium,U80126,Laura Johnson,850.08,2025-03-14
P2155,115.14,Toys,Pending,115.14,North,Medium,U87352,Ivan Taylor,115.14,2025-09-27
P2156,110.51,Toys,Refunded,442.04,North,Medium,U25931,Paula Walker,110.51,2025-06-02
P2157,104.53,Toys,Refunded,313.59,East,Low,U13084,Rachel Anderson,104.53,2025-03-10
P2158,42.87,Groceries,Cancelled,171.48,East,Low,,David Clark,42.87,2025-12-02
P2159,112.11,Toys,Pending,224.22,North,Low,U28958,Paula Lewis,112.11,2025-05-12
P2160,2098.08,Furniture,Refunded,4196.16,North,High,U15018,Eva King,2098.08,2025-12-21
P2161,442.2,Sports,Completed,1768.8,East,Low,U65381,Mike Smith,442.2,2025-03-24
P2162,72.72,Groceries,Refunded,72.72,North,High,U49741,Tina Young,72.72,2025-09-28
P2163,129.44,Sports,Cancelled,129.44,West,High,U67271,Ivan Brown,129.44,2025-05-17
P2164,7.52,Books,Pending,30.08,East,Medium,,Grace Smith,7.52,2025-07-22
P2165,62.21,Clothing,Cancelled,248.84,North,High,U52547,Hannah Johnson,62.21,2025-10-10
P2166,44.16,Books,Refunded,176.64,East,Low,U83093,Alice Clark,44.16,2025-06-11
P2167,82.62,Groceries,Refunded,165.24,West,High,U32283,Mike Anderson,82.62,2025-07-02
P2168,51.88,Books,Refunded,51.88,East,High,U79414,Laura Anderson,51.88,2025-05-25
P2169,46.25,Groceries,Completed,185.0,South,Low,U91823,Laura King,46.25,2025-07-14
P2170,21.47,Sports,Refunded,64.41,South,Medium,U27261,Mike King,21.47,2025-02-04
P2171,733.09,Furniture,Cancelled,733.09,South,High,U62575,Rachel Lewis,733.09,2025-06-25
P2172,89.45,Clothing,Cancelled,447.25,East,Medium,U97062,Kevin Young,89.45,2025-09-18
P2173,752.79,Furniture,Refunded,3011.16,West,Medium,U68911,Frank Brown,752.79,2025-07-10
P2174,1088.7,Electronics,Refunded,3266.1,South,Low,U60246,Steve Lewis,1088.7,2025-07-14
P2175,130.92,Clothing,Pending,654.6,South,Low,U20552,Tina King,130.92,2025-12-14
P2176,683.79,Electronics,Pending,1367.58,West,Low,U58535,Alice King,683.79,2025-11-13
P2177,79.14,Toys,Pending,158.28,West,Medium,U41367,Frank Walker,79.14,2025-12-07
P2178,15.0,Groceries,Completed,15.0,South,Low,U42118,Tina Walker,15.0,2025-04-26
P2179,194.83,Clothing,Completed,974.15,East,High,U19154,Alice Smith,194.83,2025-11-22
P2180,2614.48,Furniture,Refunded,10457.92,North,Medium,U80430,David King,2614.48,2025-11-18
P2181,6.3,Books,Completed,25.2,East,Medium,U15230,Laura Lewis,6.3,2025-12-17
P2182,40.73,Books,Completed,162.92,North,High,U85997,David Brown,40.73,2025-06-14
P2183,23.69,Books,Refunded,47.38,South,Medium,U94152,Charlie Walker,23.69,2025-12-16
P2184,129.92,Sports,Cancelled,389.76,East,Low,U69031,Ivan King,129.92,2025-05-20
P2185,1534.58,Electronics,Cancelled,3069.16,North,High,U83864,Laura Anderson,1534.58,2025-05-23
P2186,117.85,Clothing,Refunded,353.55,West,Low,U26849,Eva King,117.85,2025-05-28
P2187,846.19,Furniture,Completed,1692.38,South,Low,U86576,Alice Anderson,846.19,2025-06-24
P2188,113.09,Toys,Refunded,565.45,West,Low,U55116,Eva King,113.09,2025-09-11
P2189,59.28,Toys,Pending,237.12,West,High,U59790,Alice Johnson,59.28,2025-06-08
P2190,22.23,Groceries,Cancelled,44.46,North,Low,U75377,Oscar King,22.23,2025-11-01
P2191,375.67,Sports,Pending,1878.35,South,Medium,U62231,David Clark,375.67,2025-09-03
P2192,56.22,Groceries,Completed,281.1,North,Medium,U42502,Hannah Anderson,56.22,2025-12-06
P2193,56.5,Books,Pending,113.0,West,High,,Tina Anderson,56.5,2025-09-09
P2194,1499.07,Electronics,Pending,1499.07,East,High,U41973,Steve King,1499.07,2025-08-15
P2195,1097.02,Electronics,Cancelled,1097.02,North,High,U67920,Charlie Walker,1097.02,2025-04-04
P2196,90.46,Toys,Refunded,452.3,East,Low,,Nina Johnson,90.46,2025-12-15
P2197,324.89,Sports,Refunded,1624.45,North,Medium,U88820,Ivan Walker,324.89,2025-11-06
P2198,51.71,Groceries,Cancelled,258.55,East,Medium,U42639,Kevin Anderson,51.71,2025-11-18
P2199,49.78,Toys,Completed,199.12,South,Medium,,Quinn Walker,49.78,2025-08-06
P2200,22.46,Clothing,Cancelled,89.84,North,Medium,U80594,Frank Taylor,22.46,2025-02-25
P2201,50.51,Clothing,Cancelled,252.55,East,Low,U99751,Julia King,50.51,2025-04-19
P2202,13.5,Books,Pending,27.0,West,High,U89970,Frank Clark,13.5,2025-09-16
P2203,37.74,Books,Cancelled,150.96,South,Medium,U49795,Laura Brown,37.74,2025-05-11
P2204,24.47,Books,Refunded,73.41,East,Medium,U64673,Alice Lewis,24.47,2025-01-14
P2205,65.29,Groceries,Refunded,130.58,East,High,U36504,Grace Anderson,65.29,2025-05-27
P2206,4.32,Groceries,Refunded,17.28,East,Low,U36142,Grace King,4.32,2025-09-15
P2207,144.24,Sports,Pending,144.24,South,Medium,U87717,Paula Smith,144.24,2025-11-13
P2208,57.79,Books,Pending,231.16,East,Low,U17774,David Smith,57.79,2025-11-11
P2209,54.71,Groceries,Cancelled,218.84,North,Medium,U19697,Kevin Lewis,54.71,2025-03-28
P2210,122.06,Clothing,Pending,610.3,North,Medium,U85069,Rachel Anderson,122.06,2025-09-17
P2211,152.8,Sports,Pending,152.8,North,Low,U51151,Laura Walker,152.8,2025-12-07
P2212,71.04,Clothing,Refunded,142.08,East,Medium,U43951,Ivan King,71.04,2025-12-01
P2213,32.65,Clothing,Refunded,130.6,West,Medium,U79258,Bob Young,32.65,2025-06-01
P2214,68.4,Toys,Cancelled,68.4,West,Medium,U93148,Charlie Johnson,68.4,2025-10-03
P2215,118.19,Toys,Pending,590.95,North,Low,U89958,Grace Johnson,118.19,2025-11-14
P2216,145.66,Sports,Pending,582.64,East,High,U85395,Kevin Walker,145.66,2025-09-25
P2217,45.67,Books,Completed,182.68,West,Low,U91748,Mike Smith,45.67,2025-01-08
P2218,43.86,Groceries,Pending,131.58,East,Low,U97215,Grace King,43.86,2025-06-23
P2219,292.66,Sports,Pending,585.32,South,Medium,U13437,Rachel King,292.66,2025-01-25
P2220,112.61,Clothing,Cancelled,112.61,East,High,U36437,Julia Brown,112.61,2025-07-09
P2221,187.9,Clothing,Cancelled,375.8,North,High,U67624,David Lewis,187.9,2025-01-15
P2222,374.53,Sports,Refunded,749.06,North,Medium,U36035,Grace Lewis,374.53,2025-10-27
P2223,231.06,Electronics,Completed,462.12,South,High,U74108,Tina Clark,231.06,2025-12-11
P2224,653.85,Furniture,Cancelled,653.85,West,Medium,U69893,Alice Smith,653.85,2025-07-26
P2225,1260.89,Furniture,Cancelled,1260.89,East,Medium,U66904,Julia Taylor,1260.89,2025-12-03
P2226,40.4,Books,Refunded,161.6,North,Medium,U52371,Bob Brown,40.4,2025-04-06
P2227,6.34,Toys,Pending,31.7,South,Low,U15110,Bob King,6.34,2025-04-28
P2228,41.35,Books,Refunded,124.05,South,Medium,U77973,Eva Brown,41.35,2025-06-04
P2229,89.56,Sports,Pending,358.24,East,Medium,U44757,Tina Clark,89.56,2025-01-26
P2230,696.58,Electronics,Completed,2786.32,South,Medium,,Mike King,696.58,2025-12-17
P2231,40.05,Clothing,Cancelled,40.05,South,High,U18693,David Walker,40.05,2025-08-14
P2232,450.09,Sports,Pending,1800.36,North,Medium,U43667,Eva Clark,450.09,2025-11-18
P2233,95.78,Groceries,Refunded,95.78,West,Low,U84873,Grace Brown,95.78,2025-04-17
P2234,163.04,Clothing,Pending,326.08,North,Low,U62931,Julia King,163.04,2025-02-08
P2235,57.63,Clothing,Cancelled,172.89,West,Low,U77751,Steve Anderson,57.63,2025-03-11
P2236,1186.84,Furniture,Completed,2373.68,West,Low,,Grace Brown,1186.84,2025-01-05
P2237,6.88,Books,Pending,13.76,West,Medium,,Paula Walker,6.88,2025-06-07
P2238,52.82,Books,Refunded,264.1,West,High,U44446,Rachel Walker,52.82,2025-02-24
P2239,66.24,Groceries,Cancelled,331.2,East,High,U73878,Rachel Walker,66.24,2025-11-04
P2240,52.09,Books,Cancelled,260.45,North,Medium,U13331,Rachel Brown,52.09,2025-02-08
P2241,2507.23,Furniture,Cancelled,2507.23,South,Medium,U67168,Rachel Johnson,2507.23,2025-09-06
P2242,2478.08,Furniture,Pending,12390.4,South,Low,U12191,Grace Clark,2478.08,2025-09-20
P2243,84.37,Sports,Completed,421.85,East,Low,U79582,Frank Clark,84.37,2025-03-04
P2244,14.11,Books,Pending,70.55,South,Low,U89910,Nina Taylor,14.11,2025-05-02
P2245,959.84,Furniture,Refunded,4799.2,West,Medium,U49320,Alice Johnson,959.84,2025-05-23
P2246,101.88,Toys,Completed,203.76,North,Medium,U73036,Frank Taylor,101.88,2025-07-26
P2247,132.76,Clothing,Pending,531.04,South,Medium,U46204,Eva Lewis,132.76,2025-02-24
P2248,37.23,Books,Pending,74.46,West,High,U52922,Alice Johnson,37.23,2025-09-10
P2249,19.88,Toys,Refunded,99.4,South,Low,U26366,Rachel King,19.88,2025-08-05
P2250,1766.44,Electronics,Cancelled,5299.32,North,Medium,U43482,David Walker,1766.44,2025-07-19
P2251,176.49,Clothing,Cancelled,705.96,South,Low,U89077,Tina Clark,176.49,2025-04-28
P2252,335.81,Sports,Refunded,1343.24,North,Low,U46726,Ivan Anderson,335.81,2025-11-17
P2253,43.13,Groceries,Cancelled,129.39,North,High,U73641,Hannah King,43.13,2025-08-08
P2254,67.9,Toys,Completed,203.7,West,Low,U84136,Mike King,67.9,2025-09-28
P2255,26.04,Books,Completed,130.2,North,Low,U41275,Laura King,26.04,2025-11-23
P2256,66.17,Toys,Completed,264.68,East,Low,U70390,Steve Young,66.17,2025-01-13
P2257,404.56,Sports,Completed,1618.24,South,Low,U92643,Kevin Johnson,404.56,2025-05-14
P2258,23.9,Sports,Cancelled,95.6,East,Low,U42597,Ivan Walker,23.9,2025-01-11
P2259,2127.4,Furniture,Pending,6382.2,South,Low,U81732,Kevin Lewis,2127.4,2025-06-25
P2260,94.31,Sports,Completed,377.24,East,Medium,U39828,Kevin Anderson,94.31,2025-02-24
P2261,1296.93,Electronics,Refunded,3890.79,South,Medium,U73627,Laura Clark,1296.93,2025-08-12
P2262,88.02,Sports,Cancelled,176.04,North,High,U50701,Quinn Young,88.02,2025-05-25
P2263,83.05,Toys,Completed,332.2,South,High,U88377,Mike Anderson,83.05,2025-03-23
P2264,54.22,Groceries,Pending,216.88,West,High,U48523,Tina King,54.22,2025-02-11
P2265,94.08,Clothing,Pending,94.08,South,Low,U13454,Paula Taylor,94.08,2025-12-08
P2266,176.28,Clothing,Pending,705.12,South,High,U12722,Tina Walker,176.28,2025-08-14
P2267,84.93,Toys,Pending,424.65,West,High,U86139,Mike King,84.93,2025-07-24
P2268,71.26,Groceries,Cancelled,213.78,West,Medium,U40763,Kevin Young,71.26,2025-06-03
P2269,12.4,Books,Pending,24.8,North,Low,U80170,Kevin Johnson,12.4,2025-10-08
P2270,24.16,Books,Pending,120.8,West,Medium,U16973,Oscar King,24.16,2025-08-16
P2271,68.25,Toys,Completed,136.5,West,Low,U55561,Paula Brown,68.25,2025-02-22
P2272,8.41,Groceries,Cancelled,25.23,North,Low,U66469,Eva Lewis,8.41,2025-04-22
P2273,998.49,Furniture,Cancelled,2995.47,South,Low,U76578,Nina Brown,998.49,2025-09-22
P2274,50.6,Toys,Completed,50.6,East,Low,U19307,Tina Johnson,50.6,2025-09-14
P2275,13.87,Books,Pending,27.74,South,High,,Paula Johnson,13.87,2025-06-03
P2276,1894.99,Electronics,Refunded,9474.95,West,Medium,U28154,Kevin Brown,1894.99,2025-02-10
P2277,19.39,Groceries,Cancelled,77.56,West,High,U62615,Grace Taylor,19.39,2025-06-21
P2278,9.49,Books,Completed,37.96,East,High,U17982,Rachel Smith,9.49,2025-11-12
P2279,378.6,Electronics,Completed,1893.0,North,Medium,U13624,Steve King,378.6,2025-06-28
P2280,1913.64,Electronics,Refunded,3827.28,South,Low,U55252,David Brown,1913.64,2025-10-12
P2281,30.65,Toys,Pending,122.6,South,Medium,,Bob Young,30.65,2025-02-26
P2282,93.63,Groceries,Cancelled,93.63,South,Low,U23070,Paula Taylor,93.63,2025-10-05
P2283,138.4,Toys,Refunded,553.6,West,High,U18580,Kevin Taylor,138.4,2025-06-05
P2284,192.47,Clothing,Pending,769.88,West,High,U72970,Steve Johnson,192.47,2025-09-03
P2285,41.01,Books,Refunded,205.05,South,Medium,U68707,Grace Anderson,41.01,2025-11-14
P2286,1361.9,Furniture,Refunded,1361.9,North,Medium,U83564,Paula King,1361.9,2025-07-10
P2287,2977.63,Furniture,Completed,8932.89,North,High,U50254,Steve King,2977.63,2025-09-06
P2288,22.25,Books,Completed,22.25,North,Medium,U56106,Rachel Smith,22.25,2025-11-28
P2289,2241.77,Furniture,Pending,11208.85,East,Low,U38114,David Walker,2241.77,2025-03-08
P2290,22.62,Books,Refunded,45.24,South,Low,U12043,Bob Lewis,22.62,2025-04-23
P2291,1852.41,Electronics,Pending,1852.41,East,High,U39933,Laura Lewis,1852.41,2025-01-05
P2292,123.76,Clothing,Cancelled,618.8,West,Low,U92076,Julia Taylor,123.76,2025-11-24
P2293,42.1,Groceries,Refunded,42.1,West,Medium,U34837,Paula Anderson,42.1,2025-10-01
P2294,43.09,Books,Refunded,43.09,South,Low,U19243,David Johnson,43.09,2025-03-26
P2295,292.85,Furniture,Cancelled,1464.25,South,Low,U99247,Mike Anderson,292.85,2025-09-10
P2296,85.84,Groceries,Completed,257.52,North,Medium,U36493,Charlie Young,85.84,2025-08-07
P2297,108.46,Clothing,Refunded,108.46,West,High,U14984,Mike Brown,108.46,2025-02-25
P2298,49.35,Books,Refunded,98.7,East,Medium,U67936,Tina Smith,49.35,2025-11-17
P2299,487.51,Sports,Cancelled,975.02,North,Low,,Eva Clark,487.51,2025-05-06
P2300,47.28,Groceries,Refunded,47.28,West,High,U76269,Charlie Taylor,47.28,2025-03-21
P2301,73.82,Clothing,Completed,295.28,West,High,U88860,Quinn Anderson,73.82,2025-09-06
P2302,113.95,Clothing,Completed,341.85,North,Low,U77901,Rachel Smith,113.95,2025-10-24
P2303,147.58,Clothing,Cancelled,442.74,North,High,U99694,Hannah Smith,147.58,2025-07-01
P2304,13.47,Toys,Completed,53.88,South,Low,,Rachel Johnson,13.47,2025-01-21
P2305,456.3,Sports,Refunded,2281.5,East,Low,U68939,Hannah Walker,456.3,2025-10-09
P2306,98.05,Groceries,Refunded,392.2,South,Medium,U57203,Hannah Brown,98.05,2025-05-21
P2307,14.59,Books,Cancelled,58.36,South,Medium,U66588,Julia Brown,14.59,2025-01-15
P2308,2160.99,Furniture,Pending,10804.95,West,High,U56260,Grace Lewis,2160.99,2025-07-14
P2309,2227.0,Furniture,Refunded,8908.0,West,Medium,U97211,Mike Brown,2227.0,2025-12-17
P2310,56.74,Clothing,Pending,113.48,East,Medium,U63504,Laura Anderson,56.74,2025-04-13
P2311,99.34,Clothing,Refunded,496.7,East,Low,U36137,Grace Clark,99.34,2025-09-06
P2312,26.14,Books,Refunded,130.7,South,Medium,,Grace Lewis,26.14,2025-10-22
P2313,61.93,Clothing,Pending,309.65,West,Low,U35927,Eva Lewis,61.93,2025-06-15
P2314,174.93,Clothing,Refunded,349.86,East,Low,U90258,Quinn Smith,174.93,2025-11-04
P2315,42.03,Sports,Completed,42.03,North,Medium,U51064,Laura Taylor,42.03,2025-12-05
P2316,68.44,Clothing,Cancelled,68.44,East,Low,U68538,Paula Clark,68.44,2025-12-06
P2317,31.72,Groceries,Pending,158.6,South,High,U79770,Tina Lewis,31.72,2025-03-18
P2318,96.16,Toys,Pending,288.48,North,Low,U68314,David Smith,96.16,2025-03-13
P2319,1200.17,Furniture,Completed,2400.34,East,Medium,U33833,Oscar Smith,1200.17,2025-08-22
P2320,54.86,Toys,Completed,164.58,East,High,U91793,Julia Lewis,54.86,2025-03-04
P2321,480.6,Sports,Cancelled,961.2,East,Low,U20888,Laura King,480.6,2025-08-01
P2322,134.2,Toys,Pending,536.8,East,Medium,U46732,Quinn Smith,134.2,2025-08-11
P2323,19.88,Clothing,Cancelled,39.76,East,Medium,U54239,Bob Anderson,19.88,2025-12-25
P2324,30.19,Books,Cancelled,30.19,North,High,U91811,Alice King,30.19,2025-01-10
P2325,678.96,Furniture,Refunded,2715.84,West,High,U45426,Mike Clark,678.96,2025-06-26
P2326,128.78,Toys,Refunded,515.12,East,High,U44286,Rachel Taylor,128.78,2025-08-10
P2327,10.16,Groceries,Completed,40.64,East,Low,U13015,Eva Johnson,10.16,2025-04-03
P2328,80.94,Clothing,Pending,161.88,North,High,,Alice Clark,80.94,2025-10-03
P2329,120.72,Clothing,Cancelled,482.88,North,Low,U28181,Grace Johnson,120.72,2025-03-03
P2330,57.33,Books,Refunded,57.33,South,High,,Charlie Lewis,57.33,2025-06-21
P2331,32.93,Toys,Refunded,65.86,South,Medium,U98625,Steve Smith,32.93,2025-08-06
P2332,5.92,Toys,Pending,11.84,East,High,U85423,Grace Johnson,5.92,2025-12-25
P2333,416.99,Electronics,Pending,1250.97,South,Medium,U87635,Julia King,416.99,2025-07-17
P2334,20.7,Books,Cancelled,82.8,East,Low,U10915,Ivan Anderson,20.7,2025-03-03
P2335,172.43,Electronics,Completed,517.29,West,High,U68449,Alice Johnson,172.43,2025-06-19
P2336,459.0,Sports,Completed,1377.0,East,Low,U69085,Laura Walker,459.0,2025-06-16
P2337,76.81,Groceries,Pending,230.43,South,Low,U56254,Nina Walker,76.81,2025-08-11
P2338,424.78,Sports,Refunded,1699.12,West,Medium,U60536,Nina Smith,424.78,2025-03-26
P2339,39.38,Groceries,Refunded,78.76,East,High,U96739,Frank Brown,39.38,2025-10-06
P2340,28.02,Clothing,Refunded,112.08,South,Medium,U12841,Paula Lewis,28.02,2025-03-10
P2341,478.05,Sports,Cancelled,2390.25,South,High,U75422,Nina Lewis,478.05,2025-03-16
P2342,8.29,Books,Completed,8.29,East,Low,U47921,Eva Taylor,8.29,2025-09-16
P2343,116.04,Sports,Completed,464.16,East,Low,U92635,Julia King,116.04,2025-07-20
P2344,1218.28,Electronics,Cancelled,6091.4,East,Low,U26794,Laura King,1218.28,2025-08-03
P2345,921.8,Electronics,Pending,3687.2,South,Medium,U50964,Paula Anderson,921.8,2025-09-11
P2346,120.1,Toys,Pending,240.2,East,Low,U40005,Steve King,120.1,2025-04-27
P2347,132.06,Sports,Refunded,660.3,North,Medium,U22528,Mike Brown,132.06,2025-10-11
P2348,1082.01,Electronics,Cancelled,4328.04,North,Medium,U35320,Ivan Brown,1082.01,2025-06-28
P2349,38.92,Sports,Pending,77.84,North,Medium,U91350,Paula Young,38.92,2025-03-26
P2350,95.75,Groceries,Cancelled,383.0,South,Low,U88326,Tina Johnson,95.75,2025-05-24
P2351,1484.22,Electronics,Cancelled,2968.44,South,Medium,U11430,Julia Anderson,1484.22,2025-04-05
P2352,4.48,Groceries,Completed,17.92,East,Medium,U29348,Oscar Lewis,4.48,2025-09-06
P2353,69.4,Toys,Completed,208.2,East,Medium,U89500,Oscar Anderson,69.4,2025-03-19
P2354,71.33,Clothing,Completed,71.33,North,Medium,U58342,Eva Clark,71.33,2025-12-13
P2355,8.69,Toys,Cancelled,34.76,West,High,U14526,Julia Clark,8.69,2025-10-25
P2356,10.71,Toys,Completed,53.55,South,Medium,U18899,Eva Brown,10.71,2025-02-17
P2357,188.62,Clothing,Completed,377.24,East,Medium,U64085,Kevin Johnson,188.62,2025-08-13
P2358,14.01,Toys,Refunded,56.04,South,Low,U37165,Oscar Brown,14.01,2025-02-25
P2359,137.77,Sports,Completed,275.54,North,High,U39559,Paula Smith,137.77,2025-01-08
P2360,124.01,Sports,Pending,248.02,East,Medium,U93142,Mike Smith,124.01,2025-09-25
P2361,50.24,Groceries,Completed,200.96,North,High,U37372,Hannah King,50.24,2025-08-01
P2362,70.78,Groceries,Cancelled,353.9,South,Medium,U80284,Alice King,70.78,2025-05-09
P2363,59.27,Toys,Pending,237.08,South,Low,U35660,Kevin Anderson,59.27,2025-07-04
P2364,20.7,Books,Refunded,20.7,West,High,U15460,Mike Johnson,20.7,2025-12-28
P2365,48.03,Clothing,Cancelled,240.15,South,Low,U57308,Oscar Smith,48.03,2025-11-21
P2366,117.7,Clothing,Pending,353.1,North,Medium,,Frank Clark,117.7,2025-04-16
P2367,26.37,Books,Refunded,79.11,West,Low,U74445,Paula Young,26.37,2025-10-10
P2368,493.52,Sports,Completed,987.04,North,High,U91169,Bob Smith,493.52,2025-05-01
P2369,45.62,Groceries,Pending,228.1,North,High,U94642,Grace Lewis,45.62,2025-12-12
P2370,595.96,Electronics,Cancelled,595.96,North,High,U44435,Oscar Taylor,595.96,2025-02-21
P2371,57.38,Books,Refunded,57.38,South,High,U40776,Oscar King,57.38,2025-12-18
P2372,28.47,Groceries,Refunded,142.35,North,Low,U38242,Charlie Lewis,28.47,2025-11-13
P2373,122.46,Electronics,Refunded,489.84,West,High,U85597,Bob Johnson,122.46,2025-05-23
P2374,72.45,Groceries,Cancelled,144.9,North,Low,U34650,Hannah Walker,72.45,2025-01-21
P2375,1753.37,Electronics,Refunded,7013.48,South,Low,U16198,Julia Clark,1753.37,2025-02-20
P2376,46.71,Groceries,Pending,186.84,East,Low,U82223,Rachel Brown,46.71,2025-06-24
P2377,24.07,Books,Refunded,48.14,East,Medium,U48331,Eva Walker,24.07,2025-11-18
P2378,1144.95,Furniture,Completed,4579.8,East,High,U57011,Oscar Walker,1144.95,2025-09-28
P2379,14.04,Books,Cancelled,14.04,South,Low,U92928,Frank King,14.04,2025-03-27
P2380,110.85,Sports,Completed,443.4,West,High,U81302,Bob Young,110.85,2025-02-19
P2381,546.7,Electronics,Pending,2733.5,South,Low,U53895,Paula Johnson,546.7,2025-06-24
P2382,400.49,Sports,Refunded,2002.45,West,High,U63477,David Taylor,400.49,2025-11-21
P2383,551.53,Furniture,Completed,1103.06,North,Medium,U19464,Julia Taylor,551.53,2025-07-10
P2384,112.53,Sports,Pending,112.53,North,High,,David Taylor,112.53,2025-03-27
P2385,343.44,Sports,Cancelled,343.44,West,High,U56860,Mike Smith,343.44,2025-12-20
P2386,35.63,Groceries,Pending,106.89,East,Medium,U72710,Tina King,35.63,2025-01-22
P2387,2933.34,Furniture,Cancelled,11733.36,East,High,U72075,Mike Young,2933.34,2025-02-14
P2388,37.29,Books,Refunded,111.87,North,Medium,,Paula Johnson,37.29,2025-08-09
P2389,18.35,Toys,Completed,36.7,West,Medium,U41637,Tina Walker,18.35,2025-01-11
P2390,56.16,Groceries,Pending,224.64,West,High,,Eva King,56.16,2025-11-25
P2391,1874.3,Electronics,Completed,7497.2,South,Medium,U84062,Mike Young,1874.3,2025-11-24
P2392,543.75,Electronics,Refunded,543.75,South,Medium,U31331,Bob Anderson,543.75,2025-10-11
P2393,418.06,Furniture,Completed,836.12,South,Medium,U10746,Mike Brown,418.06,2025-07-02
P2394,19.9,Groceries,Refunded,59.7,South,Low,U25216,David Brown,19.9,2025-03-05
P2395,58.83,Books,Completed,294.15,West,Medium,U66357,Alice Young,58.83,2025-12-12
P2396,34.89,Books,Refunded,139.56,North,Medium,U65345,Charlie Johnson,34.89,2025-02-09
P2397,24.67,Books,Pending,98.68,South,High,,Charlie King,24.67,2025-03-22
P2398,94.76,Clothing,Cancelled,473.8,East,Medium,U96017,Frank King,94.76,2025-07-04
P2399,10.76,Toys,Pending,21.52,East,High,U61211,Alice Clark,10.76,2025-01-17
P2400,15.96,Sports,Cancelled,79.8,North,Medium,U27964,Kevin Taylor,15.96,2025-08-26
P2401,45.85,Clothing,Refunded,183.4,West,High,U60837,Rachel Young,45.85,2025-02-05
P2402,11.98,Books,Pending,59.9,North,Medium,U19514,Steve Brown,11.98,2025-04-21
P2403,212.62,Sports,Pending,637.86,East,Medium,U66606,Bob Clark,212.62,2025-07-01
P2404,137.61,Clothing,Refunded,412.83,West,Low,U39454,Eva Walker,137.61,2025-10-26
P2405,133.87,Toys,Pending,267.74,East,Medium,U66720,Tina Smith,133.87,2025-07-03
P2406,17.3,Toys,Completed,34.6,East,Medium,U70883,Kevin Anderson,17.3,2025-09-20
P2407,92.09,Groceries,Refunded,368.36,West,Low,U83424,Tina King,92.09,2025-11-26
P2408,24.9,Toys,Completed,74.7,West,Medium,U90788,Charlie Anderson,24.9,2025-11-09
P2409,87.73,Groceries,Pending,438.65,East,Medium,U84188,Grace Clark,87.73,2025-05-07
P2410,174.15,Sports,Cancelled,696.6,East,Low,U96391,Grace King,174.15,2025-03-26
P2411,347.28,Sports,Cancelled,694.56,East,High,U86251,Quinn Brown,347.28,2025-02-24
P2412,53.19,Books,Pending,106.38,East,High,U75136,Laura Taylor,53.19,2025-07-16
P2413,19.89,Books,Refunded,99.45,East,High,U19443,Ivan Johnson,19.89,2025-07-27
P2414,147.66,Toys,Completed,147.66,South,Medium,U69606,Rachel King,147.66,2025-05-17
P2415,65.97,Toys,Completed,197.91,West,Low,U88023,David Walker,65.97,2025-07-13
P2416,13.71,Groceries,Completed,27.42,East,High,,Charlie Anderson,13.71,2025-02-18
P2417,43.92,Toys,Refunded,43.92,South,High,U84261,Bob Smith,43.92,2025-02-11
P2418,109.34,Toys,Refunded,328.02,South,High,U89123,Steve Anderson,109.34,2025-09-12
P2419,125.82,Sports,Cancelled,125.82,South,High,U60236,Grace Young,125.82,2025-10-01
P2420,27.32,Clothing,Cancelled,136.6,West,High,U63267,Hannah Taylor,27.32,2025-08-20
P2421,179.46,Clothing,Cancelled,358.92,North,High,U50434,Nina King,179.46,2025-10-28
P2422,1393.88,Furniture,Completed,2787.76,North,Medium,U68002,Eva Lewis,1393.88,2025-10-25
P2423,166.78,Furniture,Pending,500.34,West,Medium,U78673,Kevin Clark,166.78,2025-01-16
P2424,94.27,Toys,Pending,377.08,East,High,U88768,Mike Brown,94.27,2025-07-07
P2425,69.7,Clothing,Cancelled,278.8,South,Low,U40263,Mike King,69.7,2025-08-01
P2426,56.44,Books,Completed,112.88,West,Low,U60969,Steve Clark,56.44,2025-06-13
P2427,1007.37,Electronics,Refunded,4029.48,North,Medium,U39957,Ivan Clark,1007.37,2025-05-16
P2428,42.02,Clothing,Pending,210.1,North,Medium,U39960,Charlie Brown,42.02,2025-02-20
P2429,35.41,Books,Completed,106.23,East,Medium,U28564,Nina Anderson,35.41,2025-03-08
P2430,1003.64,Furniture,Completed,5018.2,South,High,U85053,Frank Anderson,1003.64,2025-09-16
P2431,2695.27,Furniture,Completed,5390.54,South,Low,U18831,David Anderson,2695.27,2025-03-18
P2432,1569.17,Electronics,Cancelled,7845.85,South,High,U34485,Hannah Smith,1569.17,2025-06-28
P2433,155.61,Clothing,Completed,778.05,North,Medium,U16336,Paula Brown,155.61,2025-03-08
P2434,308.39,Sports,Cancelled,925.17,West,High,U24401,Hannah Brown,308.39,2025-11-20
P2435,30.71,Sports,Pending,122.84,North,Medium,U74219,Mike Young,30.71,2025-09-24
P2436,2677.5,Furniture,Cancelled,10710.0,West,Medium,U63435,Frank Young,2677.5,2025-08-05
P2437,27.84,Sports,Cancelled,27.84,East,High,U64055,Mike Lewis,27.84,2025-05-12
P2438,663.36,Electronics,Completed,1326.72,South,Medium,U29289,Oscar King,663.36,2025-12-05
P2439,48.66,Books,Pending,194.64,South,High,U67544,Ivan Walker,48.66,2025-07-15
P2440,30.59,Books,Refunded,61.18,South,Medium,U42160,Eva Johnson,30.59,2025-05-12
P2441,733.58,Electronics,Refunded,2934.32,North,Low,U77182,Rachel Walker,733.58,2025-01-28
P2442,244.93,Sports,Cancelled,734.79,South,Medium,U31750,Alice Johnson,244.93,2025-03-24
P2443,35.89,Books,Completed,35.89,South,Low,U13164,Oscar Lewis,35.89,2025-06-26
P2444,71.74,Toys,Cancelled,358.7,East,Medium,U77763,Steve Johnson,71.74,2025-08-25
P2445,1356.88,Furniture,Completed,6784.4,North,High,U59535,Kevin Walker,1356.88,2025-12-24
P2446,19.69,Books,Pending,39.38,North,Low,U61694,Hannah Smith,19.69,2025-01-10
P2447,1909.44,Electronics,Refunded,3818.88,South,Medium,U29876,Nina Young,1909.44,2025-10-09
P2448,10.11,Clothing,Pending,10.11,North,Medium,U18662,Hannah Walker,10.11,2025-03-22
P2449,431.29,Furniture,Cancelled,1725.16,East,Medium,U43827,Steve Young,431.29,2025-09-27
P2450,23.18,Books,Pending,69.54,East,Low,U42151,Hannah Smith,23.18,2025-07-16
P2451,34.16,Groceries,Cancelled,170.8,West,Low,U16722,Steve Anderson,34.16,2025-05-04
P2452,82.51,Sports,Pending,165.02,South,Medium,U22923,Rachel Young,82.51,2025-06-14
P2453,26.99,Books,Cancelled,134.95,East,High,U91665,Paula Johnson,26.99,2025-06-02
P2454,1277.18,Furniture,Pending,5108.72,West,Medium,U53749,Laura Johnson,1277.18,2025-05-08
P2455,2649.41,Furniture,Refunded,10597.64,South,Medium,U40816,Julia Taylor,2649.41,2025-10-26
P2456,73.86,Clothing,Cancelled,369.3,West,High,U20788,Alice Brown,73.86,2025-09-14
P2457,2700.09,Furniture,Completed,5400.18,North,Medium,U27495,Julia Clark,2700.09,2025-11-22
P2458,352.99,Sports,Completed,1764.95,North,High,U53272,David Smith,352.99,2025-10-03
P2459,1248.01,Electronics,Pending,2496.02,West,Medium,U87774,Julia King,1248.01,2025-09-03
P2460,310.24,Sports,Completed,620.48,West,Low,U30629,Quinn Johnson,310.24,2025-08-20
P2461,140.92,Clothing,Refunded,140.92,East,Low,U71952,Oscar Clark,140.92,2025-09-10
P2462,66.04,Groceries,Refunded,264.16,South,Medium,U37596,Hannah Walker,66.04,2025-03-23
P2463,16.99,Clothing,Completed,16.99,South,High,U26529,Eva Johnson,16.99,2025-05-25
P2464,69.4,Groceries,Pending,347.0,West,Medium,U94451,Rachel King,69.4,2025-05-23
P2465,180.16,Clothing,Cancelled,180.16,South,Medium,U18658,Bob Smith,180.16,2025-05-13
P2466,164.38,Clothing,Refunded,657.52,East,Medium,U52848,Nina Clark,164.38,2025-10-28
P2467,15.12,Books,Cancelled,30.24,West,High,U53850,Eva Smith,15.12,2025-03-08
P2468,92.57,Toys,Pending,277.71,South,Medium,,Alice Clark,92.57,2025-12-11
P2469,311.29,Sports,Completed,933.87,North,Medium,U75677,Grace Taylor,311.29,2025-03-11
P2470,41.23,Books,Cancelled,206.15,West,Low,U90276,Tina Taylor,41.23,2025-07-25
P2471,49.02,Books,Cancelled,196.08,West,High,U12348,Nina King,49.02,2025-11-26
P2472,975.31,Electronics,Refunded,3901.24,South,Medium,U39215,Oscar Anderson,975.31,2025-05-21
P2473,28.97,Sports,Cancelled,57.94,West,Medium,,Hannah Smith,28.97,2025-04-27
P2474,793.04,Furniture,Refunded,793.04,North,High,U45865,Rachel Young,793.04,2025-07-01
P2475,130.94,Toys,Completed,392.82,West,Low,U96676,Rachel Anderson,130.94,2025-02-28
P2476,185.87,Clothing,Cancelled,743.48,South,Low,U11862,Nina Johnson,185.87,2025-06-21
P2477,189.85,Clothing,Completed,189.85,South,Low,U32154,Julia Anderson,189.85,2025-07-06
P2478,691.87,Furniture,Cancelled,1383.74,North,Medium,U81082,Rachel Johnson,691.87,2025-02-05
P2479,69.51,Sports,Pending,69.51,North,Medium,U24859,Oscar Clark,69.51,2025-02-17
P2480,419.24,Sports,Refunded,2096.2,North,Medium,U46477,Charlie Clark,419.24,2025-02-12
P2481,83.7,Clothing,Cancelled,167.4,North,Low,U21327,Charlie Brown,83.7,2025-03-11
P2482,109.2,Clothing,Pending,546.0,West,Low,U54588,Mike Lewis,109.2,2025-02-26
P2483,117.5,Toys,Pending,470.0,South,High,U73363,Steve Johnson,117.5,2025-12-08
P2484,331.94,Sports,Refunded,1327.76,West,Medium,U36098,Bob Smith,331.94,2025-08-07
P2485,1163.33,Electronics,Cancelled,1163.33,East,Medium,U10974,Kevin Walker,1163.33,2025-02-05
P2486,57.03,Sports,Completed,285.15,South,Medium,U82299,Kevin Johnson,57.03,2025-10-26
P2487,1582.99,Electronics,Pending,4748.97,East,Low,U48463,Bob Johnson,1582.99,2025-01-10
P2488,58.02,Books,Cancelled,116.04,West,High,U64005,Charlie Young,58.02,2025-06-03
P2489,994.32,Furniture,Refunded,2982.96,North,High,U52959,Frank Johnson,994.32,2025-03-17
P2490,91.93,Toys,Cancelled,91.93,North,High,U53749,Kevin Johnson,91.93,2025-03-19
P2491,120.62,Clothing,Pending,120.62,North,Medium,U82116,Rachel Johnson,120.62,2025-12-18
P2492,131.19,Toys,Cancelled,655.95,East,High,U15339,Julia Lewis,131.19,2025-02-22
P2493,28.37,Groceries,Pending,28.37,North,High,U87110,Alice Johnson,28.37,2025-08-02
P2494,2447.55,Furniture,Completed,9790.2,East,High,U83556,Hannah Johnson,2447.55,2025-06-06
P2495,133.21,Clothing,Completed,666.05,North,Medium,U26601,Frank Young,133.21,2025-04-14
P2496,1378.75,Electronics,Pending,4136.25,West,Low,U66324,Grace King,1378.75,2025-11-13
P2497,166.75,Clothing,Cancelled,500.25,South,Medium,U63941,Steve Anderson,166.75,2025-05-08
P2498,129.14,Toys,Refunded,129.14,East,Low,U10190,David Lewis,129.14,2025-10-07
P2499,18.91,Books,Pending,37.82,North,Low,U15269,Hannah Taylor,18.91,2025-12-02
P2500,8.97,Books,Pending,35.88,South,Medium,U85310,Alice Taylor,8.97,2025-12-04
